satelite_id,Datetime,a0,a1,a2,IODE,C_rs,Delta n0,M0,C_uc,e,C_us,sqrt(A),T_oe,C_ic,OMEGA0,C_is,i0,C_rc,omega,OMEGA DOT,IDOT,Codes on L2 channel,GPS Week,L2P,SV accurracy,SV health,TGD,IODC,t_tm,Fit Interval
J02,2023-12-11 00:00:00,-5.043111741542999e-07,-1.136868377216e-13,0.0,93.0,603.75,1.921151452241e-09,0.9426422040772,2.193078398705e-05,0.07560020405799,2.1163374185560003e-05,6493.140106201,86400.0,-4.0046870708469997e-07,3.107959720757,-1.3038516044620001e-08,0.7143013029564,-496.1875,-1.5789492541,-2.654396280545e-09,-3.7180120129810003e-10,2.0,2292.0,1.0,2.8,1.0,1.862645149231e-09,861.0,82818.0,0.0
J02,2023-12-11 01:00:00,-5.05242496729e-07,-1.1368683772199998e-13,0.0,97.0,702.25,5.97882047044e-10,1.20535910094,2.50991433859e-05,0.07559630204920001,2.31824815273e-05,6493.107959749999,90000.0,2.23331153393e-06,3.10794308884,-2.15135514736e-06,0.714316616783,-599.90625,-1.57910795438,-3.41085636157e-10,1.0036132330900001e-10,2.0,2292.0,1.0,2.8,1.0,1.8626451492300002e-09,865.0,86405.99999999999,1.0
J02,2023-12-11 02:00:00,-5.071051418779999e-07,-1.1368683772199998e-13,0.0,101.0,723.4375,-3.32156692802e-11,1.46802639024,2.6101246476200004e-05,0.075595757924,2.5000423193e-05,6493.086662289999,93600.0,4.47407364845e-06,3.10794252416,4.0233135223399996e-07,0.7143254528080001,-690.15625,-1.57922285343,8.803938147929999e-10,-2.2250926840399998e-10,2.0,2292.0,1.0,2.8,1.0,1.8626451492300002e-09,869.0,90006.0,1.0
J02,2023-12-11 03:00:00,-5.08036464453e-07,-1.1368683772199998e-13,0.0,105.0,723.625,5.718095324480001e-10,1.73057063205,2.5896355509800005e-05,0.0755951299798,2.4430453777300002e-05,6493.08883858,97200.0,2.1178275346799998e-06,3.10794250367,2.2277235984799997e-06,0.714318770198,-681.84375,-1.57920995488,1.10718897601e-10,-5.6430922003e-10,2.0,2292.0,1.0,2.8,1.0,1.8626451492300002e-09,873.0,93606.0,1.0
J02,2023-12-11 04:00:00,-5.08967787027e-07,-2.27373675443e-13,0.0,109.00000000000001,793.09375,1.7625734182600001e-09,1.99301520817,2.69394367933e-05,0.0755904548569,2.22884118557e-05,6493.11204338,100800.0,5.662441253659999e-07,3.10792851818,-4.861503839489999e-07,0.714304363381,-614.375,-1.57908686788,-1.74471553155e-09,-2.1536611372e-10,2.0,2292.0,1.0,2.8,1.0,1.8626451492300002e-09,877.0,97205.99999999999,1.0
J02,2023-12-11 05:00:00,-5.0850212574e-07,-2.27373675443e-13,0.0,112.99999999999999,925.40625,2.12687430714e-09,2.25544661364,2.9526650905600003e-05,0.0755824899534,2.1366402506800004e-05,6493.14050484,104400.0,2.7045607566799996e-06,3.10791086807,-1.88685953617e-06,0.714297563738,-588.84375,-1.57895326835,-2.6847546879500002e-09,4.2966075423800003e-10,2.0,2292.0,1.0,2.8,1.0,1.8626451492300002e-09,881.0,100806.0,1.0
J02,2023-12-11 06:00:00,-5.085021257401e-07,-2.273736754432e-13,0.0,117.0,1023.9687500000001,1.3411272919060001e-09,2.517934072278,3.142841160297e-05,0.07557647593785,2.218782901764e-05,6493.156772614,108000.0,2.4065375328059996e-06,3.107909519261,1.117587089539e-08,0.7143006212366001,-623.28125,-1.578894125495,-2.061871599514e-09,2.7501145533100003e-10,2.0,2292.0,1.0,2.8,1.0,1.862645149231e-09,885.0,104400.0,0.0
J02,2023-12-11 07:00:00,-5.085021257401e-07,-1.136868377216e-13,0.0,121.0,1023.9687500000001,8.936086509586e-10,2.780483368464,3.126822412014e-05,0.07557855534833001,2.181157469749e-05,6493.1518878940005,111600.00000000001,4.4517219066619995e-07,3.107914174266,1.639127731323e-07,0.7143025683805,-604.6875,-1.578903929972,-1.483276070116e-09,-2.882262914962e-10,2.0,2292.0,1.0,2.8,1.0,1.862645149231e-09,889.0,108000.0,0.0
J02,2023-12-11 08:00:00,-5.080364644527e-07,-1.136868377216e-13,0.0,125.0,1023.9687500000001,1.040400479713e-09,3.043030190856,3.133341670036e-05,0.07558366504963,2.0533800125120004e-05,6493.141332626,115199.99999999999,2.682209014893e-07,3.107909921563,7.82310962677e-08,0.7143014375449,-536.71875,-1.578903575946,-1.445060192557e-09,-3.46085844436e-10,2.0,2292.0,1.0,2.8,1.0,1.862645149231e-09,893.0,111600.00000000001,0.0
J02,2023-12-11 09:00:00,-5.085021257401e-07,-1.136868377216e-13,0.0,129.0,1023.9687500000001,1.1218324431100001e-09,-2.977604234334,3.129802644253e-05,0.07558286865242,2.1276995539670003e-05,6493.143283844,118800.0,3.818422555923e-07,3.107906811399,-2.9057264327999997e-07,0.7143000199773,-542.71875,-1.578905429463,-1.467203972078e-09,-4.807343102279e-10,2.0,2292.0,1.0,2.8,1.0,1.862645149231e-09,897.0000000000001,115199.99999999999,0.0
J02,2023-12-11 10:00:00,-5.103647708893e-07,-1.136868377216e-13,0.0,133.0,1023.9687500000001,1.747215635687e-09,-2.715047380713,3.0901283025740005e-05,0.07558755227365001,2.0228326320650003e-05,6493.134632111,122400.0,2.378597855568e-06,3.107912764013,-1.2330710887909999e-06,0.7142963875517001,-465.96875000000006,-1.578916998219,-1.917937032633e-09,-1.1607626361370002e-09,2.0,2292.0,1.0,2.8,1.0,1.862645149231e-09,901.0,118800.0,0.0
J02,2023-12-11 11:00:00,-5.117617547512e-07,-1.136868377216e-13,0.0,137.0,1023.9687500000001,2.402957235671e-09,-2.452481759824,3.033131361008e-05,0.07558949280065,1.9352883100510003e-05,6493.132623672001,126000.0,3.756955265999e-06,3.107912733292,4.786998033524e-07,0.7142912892822001,-414.90625000000006,-1.578931396259,-2.537962859197e-09,-1.392200847896e-09,2.0,2292.0,1.0,2.8,1.0,1.862645149231e-09,905.0000000000001,122400.0,0.0
J02,2023-12-11 12:00:00,-5.122274160385001e-07,-1.136868377216e-13,0.0,141.0,1000.6875,2.4576023690030003e-09,-2.189901954481,2.9396265745160003e-05,0.07558854087256,1.91330909729e-05,6493.136873245,129600.0,2.1792948246e-06,3.10790227489,1.9762665033339997e-06,0.7142888432831,-403.125,-1.578953029891,-2.594750938935e-09,-1.035757429169e-09,2.0,2292.0,1.0,2.8,1.0,1.862645149231e-09,909.0,126000.0,0.0
J02,2023-12-11 13:00:00,-5.131587386129999e-07,-1.1368683772199998e-13,0.0,145.0,850.40625,1.53577825704e-09,-1.92721689657,2.5724992156000003e-05,0.0755813472206,1.86935067177e-05,6493.164291380001,133200.0,4.6379864215899995e-07,3.10788725657,7.84173607826e-07,0.7142918188580001,-379.84375,-1.57908043104,-1.8575773755500001e-09,-5.31450708484e-10,2.0,2292.0,1.0,2.8,1.0,1.8626451492300002e-09,913.0000000000001,129606.0,1.0
J02,2023-12-11 14:00:00,-5.131587386129999e-07,-1.1368683772199998e-13,0.0,149.0,731.78125,6.235974039060001e-10,-1.66451856853,2.28378921747e-05,0.0755767480005,1.6855075955400004e-05,6493.193016050001,136800.0,9.64850187302e-07,3.1078780753,-2.51457095146e-07,0.71429534888,-296.15625,-1.57923040501,-1.1418332762200002e-09,-3.85373195198e-10,2.0,2292.0,1.0,2.8,1.0,1.8626451492300002e-09,917.0,133206.0,1.0
J02,2023-12-11 15:00:00,-5.131587386129999e-07,-1.1368683772199998e-13,0.0,153.0,698.71875,1.81078971237e-10,-1.40189252181,2.20090150833e-05,0.07557586045,1.54543668032e-05,6493.20871353,140400.0,1.76019966602e-06,3.107874004,4.54485416412e-07,0.714296051081,-232.53125,-1.57931551466,-8.1539110717e-10,-5.10378402166e-10,2.0,2292.0,1.0,2.8,1.0,1.8626451492300002e-09,921.0000000000001,136806.0,1.0
J02,2023-12-11 16:00:00,-5.136243999e-07,-1.1368683772199998e-13,0.0,157.0,691.8125,3.5930068060100004e-10,-1.13939304237,2.1830201149000003e-05,0.0755752284313,1.63409858942e-05,6493.20079803,144000.0,1.10454857349e-06,3.10787049446,1.7024576663999998e-06,0.7142927975510001,-263.5,-1.57927466121,-9.69683248342e-10,-7.02529263164e-10,2.0,2292.0,1.0,2.8,1.0,1.8626451492300002e-09,925.0,140406.0,1.0
J02,2023-12-11 17:00:00,-5.15021383762e-07,-1.1368683772199998e-13,0.0,161.0,621.78125,1.0946884553100001e-09,-0.876987014144,2.00849026442e-05,0.0755702944007,1.86134129763e-05,6493.17051315,147600.0,-3.3900141716e-07,3.10786245426,1.46217644215e-06,0.714286384118,-348.84375,-1.57913360372,-1.5968522295900002e-09,-7.12172521987e-10,2.0,2292.0,1.0,2.8,1.0,1.8626451492300002e-09,928.9999999999999,144006.0,1.0
J02,2023-12-11 18:00:00,-5.15952706337e-07,-1.1368683772199998e-13,0.0,165.0,500.0,1.93686639255e-09,-0.6145761392660001,1.7005950212500003e-05,0.075561044272,1.9663944840400002e-05,6493.13245964,151200.0,-3.78116965294e-07,3.1078490905,2.96160578728e-07,0.7142806216840001,-386.78125,-1.57898794389,-2.2918811803400002e-09,-4.21088968617e-10,2.0,2292.0,1.0,2.8,1.0,1.8626451492300002e-09,933.0,147606.0,1.0
J02,2023-12-11 19:00:00,-5.16418367624e-07,-1.1368683772199998e-13,0.0,169.0,432.28125000000006,2.22652131498e-09,-0.352076424299,1.5359371900600003e-05,0.0755544954445,1.9153580069500003e-05,6493.110994340001,154800.0,-1.0617077350599999e-07,3.10783880473,2.94297933578e-07,0.7142787023350001,-365.59375,-1.57892888004,-2.4033143934100003e-09,-2.8572618735700004e-10,2.0,2292.0,1.0,2.8,1.0,1.8626451492300002e-09,936.9999999999999,151206.0,1.0
J02,2023-12-11 20:00:00,-5.17349690199e-07,-1.1368683772199998e-13,0.0,173.0,443.5625,2.09544442653e-09,-0.0895105049747,1.5754252672200002e-05,0.075557667762,1.99899077415e-05,6493.11995697,158400.0,-4.91738319397e-07,3.1078333378,1.04308128357e-07,0.714277575888,-391.40625,-1.57893896393,-2.28438086792e-09,-5.021637742800001e-10,2.0,2292.0,1.0,2.8,1.0,1.8626451492300002e-09,941.0,154806.0,1.0
J02,2023-12-11 21:00:00,-5.17815351486e-07,-1.1368683772199998e-13,0.0,177.0,432.71875,1.82079012893e-09,0.173035473313,1.5482306480400003e-05,0.0755692053353,2.2755935788200003e-05,6493.1518898,162000.0,-4.71249222755e-07,3.10782684976,-1.5459954738599997e-07,0.7142754678230001,-494.625,-1.57893146794,-2.2893810762e-09,-6.43598237021e-10,2.0,2292.0,1.0,2.8,1.0,1.8626451492300002e-09,944.9999999999999,158406.0,1.0
J02,2023-12-11 22:00:00,-5.17815351486e-07,-1.1368683772199998e-13,0.0,181.0,369.1875,1.7936461411300001e-09,0.4355390328290001,1.4046207070400002e-05,0.0755790752592,2.46204435825e-05,6493.18032837,165600.0,6.68689608574e-07,3.10782579938,-2.53319740295e-07,0.7142711302710001,-570.90625,-1.57889034531,-2.69368363131e-09,-1.17862052285e-09,2.0,2292.0,1.0,2.8,1.0,1.8626451492300002e-09,949.0,162006.0,1.0
J02,2023-12-11 23:00:00,-5.18281012774e-07,-1.1368683772199998e-13,0.0,185.0,356.65625,2.38438503349e-09,0.6980851018180001,1.4154240489000001e-05,0.075579662458,2.5061890482900003e-05,6493.181188580001,169200.0,1.25356018543e-06,3.10782528736,1.76765024662e-06,0.714262768231,-584.875,-1.57889488182,-3.672295823e-09,-1.627210637e-09,2.0,2292.0,1.0,2.8,1.0,1.8626451492300002e-09,952.9999999999999,165606.0,1.0
J02,2023-12-12 00:00:00,-5.19212335348e-07,-1.1368683772199998e-13,0.0,189.0,447.12500000000006,2.21366363655e-09,0.9607451833280001,1.69239938259e-05,0.0755743248155,2.6006251573600003e-05,6493.15579987,172800.0,-7.18981027603e-07,3.10780804102,1.05053186417e-06,0.7142623878730001,-625.9375,-1.57900114234,-3.15084553108e-09,-1.0089705991e-09,2.0,2292.0,1.0,2.8,1.0,1.8626451492300002e-09,957.0,169206.0,1.0
J03,2023-12-11 00:00:00,-1.1462718248370001e-05,-1.477928890381e-12,0.0,93.0,-701.46875,1.266124167725e-09,-0.8806605652874,-2.2796913981440004e-05,0.07533529982902,-1.2669712305070001e-05,6493.800354004,86400.0,-6.537884473801e-07,-1.451850925521,4.202127456665e-06,0.7082321488489001,478.625,-1.548897196551,-1.044329214789e-09,-1.2725530069410002e-09,2.0,2292.0,1.0,2.8,1.0,9.313225746155e-10,861.0,82818.0,0.0
J03,2023-12-11 01:00:00,-1.1468306183800001e-05,-1.47792889038e-12,0.0,97.0,-609.1875,2.32366821868e-09,-0.618106829145,-2.06008553505e-05,0.0753402063856,-1.22021883726e-05,6493.81977272,90000.0,-1.2032687663999998e-06,-1.45187540453,8.307397365570001e-07,0.7082196350480001,482.37500000000006,-1.5489675161,-2.9054781676900002e-09,-6.060966749310001e-10,2.0,2292.0,1.0,2.8,1.0,9.31322574615e-10,865.0,86405.99999999999,1.0
J03,2023-12-11 02:00:00,-1.1474359780600002e-05,-1.47792889038e-12,0.0,101.0,-535.15625,2.54367738294e-09,-0.355575556109,-1.8727034330400002e-05,0.075346948579,-1.11442059278e-05,6493.84111977,93600.0,-9.31322574615e-09,-1.45189613847,2.94297933578e-07,0.7082159177730001,447.90625000000006,-1.54902070048,-3.5230038901100002e-09,-3.8215877558999995e-11,2.0,2292.0,1.0,2.8,1.0,9.31322574615e-10,869.0,90006.0,1.0
J03,2023-12-11 03:00:00,-1.1479947716000002e-05,-1.47792889038e-12,0.0,105.0,-521.0,2.46188826181e-09,-0.09309434266729999,-1.8205493688600003e-05,0.0753492990043,-1.03730708361e-05,6493.84793663,97200.0,-3.61353158951e-07,-1.45190595319,1.28522515297e-07,0.708215625189,430.59375,-1.54903366633,-3.41585656985e-09,-2.2965242308799998e-10,2.0,2292.0,1.0,2.8,1.0,9.31322574615e-10,873.0,93606.0,1.0
J03,2023-12-11 04:00:00,-1.1486466974e-05,-1.47792889038e-12,0.0,109.00000000000001,-511.78125000000006,2.65368196508e-09,0.169381697896,-1.80341303349e-05,0.0753438990796,-1.1095777154e-05,6493.832862849999,100800.0,-4.54485416412e-07,-1.45191810126,8.00937414169e-08,0.708214674292,477.28124999999994,-1.54903868852,-3.39121268619e-09,-2.42510101519e-10,2.0,2292.0,1.0,2.8,1.0,9.31322574615e-10,877.0,97205.99999999999,1.0
J03,2023-12-11 05:00:00,-1.1492520570800001e-05,-1.47792889038e-12,0.0,112.99999999999999,-458.125,2.7833302225900004e-09,0.43189347169700004,-1.6909092664700003e-05,0.0753360618837,-1.2293457984900001e-05,6493.8100871999995,104400.0,-9.25734639168e-07,-1.4519328738,-1.2107193469999998e-07,0.708214350988,532.5,-1.5490743413,-3.1944187746500003e-09,-7.89318592573e-11,2.0,2292.0,1.0,2.8,1.0,9.31322574615e-10,881.0,100806.0,1.0
J03,2023-12-11 06:00:00,-1.14981085062e-05,-1.47792889038e-12,0.0,117.0,-418.40624999999994,2.6090372483e-09,0.6944005114940001,-1.61025673151e-05,0.0753328280989,-1.2660399079300001e-05,6493.79968834,108000.0,-1.0244548320799999e-06,-1.45194825054,-1.1269003152799998e-06,0.7082157700180001,544.53125,-1.54910196412,-2.74904308011e-09,7.96461747257e-11,2.0,2292.0,1.0,2.8,1.0,9.31322574615e-10,885.0,104406.0,1.0
J03,2023-12-11 07:00:00,-1.1503230780400002e-05,-1.47792889038e-12,0.0,121.0,-452.375,1.9197228213e-09,0.95681887505,-1.70134007931e-05,0.0753357950598,-1.36233866215e-05,6493.81389618,111600.00000000001,2.27242708206e-07,-1.45196289727,-2.35624611378e-06,0.708220523039,573.71875,-1.54904121352,-1.9282946069200003e-09,1.9286517646600001e-10,3.0,2292.0,1.0,2.8,1.0,9.31322574615e-10,889.0,108006.0,1.0
J03,2023-12-11 08:00:00,-1.1508353054500002e-05,-1.47792889038e-12,0.0,125.0,-503.25,8.439637259050001e-10,1.21912409213,-1.81775540113e-05,0.07534016447610001,-1.67824327946e-05,6493.84786606,115199.99999999999,2.79396772385e-06,-1.45197237405,-1.91666185856e-06,0.708227849333,690.0625,-1.54887435455,-8.839653921349999e-10,8.321775206770001e-11,2.0,2292.0,1.0,2.8,1.0,9.31322574615e-10,893.0,111606.0,1.0
J03,2023-12-11 09:00:00,-1.151394099e-05,-1.47792889038e-12,0.0,129.0,-485.75,-2.42510101519e-10,1.48137781742,-1.75684690475e-05,0.0753412367776,-2.0993873477000003e-05,6493.88669014,118800.0,4.3250620365100005e-06,-1.45197448651,1.12131237984e-06,0.708234448556,852.375,-1.54866686888,5.5359448800399995e-11,-3.18584698903e-10,3.0,2292.0,1.0,2.8,1.0,9.31322574615e-10,897.0000000000001,115206.00000000001,1.0
J03,2023-12-11 10:00:00,-1.15190632641e-05,-1.47792889038e-12,0.0,133.0,-411.78125000000006,-8.446780413740001e-10,1.74367500455,-1.56201422215e-05,0.0753388835583,-2.3905187845200006e-05,6493.91532898,122400.0,2.52760946751e-06,-1.45197230091,4.62867319584e-06,0.7082361411520001,962.15625,-1.54851129485,4.7323399781e-10,-9.103950644659999e-10,2.0,2292.0,1.0,2.8,1.0,9.31322574615e-10,901.0,118805.99999999999,1.0
J03,2023-12-11 11:00:00,-1.1524651199600001e-05,-1.47792889038e-12,0.0,137.0,-373.09375,-7.889614348390001e-10,2.00607429604,-1.4431774616200001e-05,0.0753370048478,-2.48290598392e-05,6493.92523384,126000.0,-1.59256160259e-06,-1.45197143779,5.54136931896e-06,0.70823278083,987.6250000000001,-1.5484600737,3.3144237733400004e-10,-1.49399080214e-09,3.0,2292.0,1.0,2.8,1.0,9.31322574615e-10,905.0000000000001,122405.99999999999,1.0
J03,2023-12-11 12:00:00,-1.1529307812500001e-05,-1.47792889038e-12,0.0,141.0,-432.96875000000006,2.9358365750900003e-10,2.26856519839,-1.5482306480400003e-05,0.0753393152263,-2.5466084480300003e-05,6493.917758940001,129600.0,-3.87243926525e-06,-1.45198242869,2.32830643654e-06,0.7082231387360001,997.875,-1.54849123093,-7.921758544470001e-10,-1.5422070962600002e-09,2.0,2292.0,1.0,2.8,1.0,9.31322574615e-10,909.0,126006.0,1.0
J03,2023-12-11 13:00:00,-1.15348957479e-05,-1.477928890381e-12,0.0,145.0,-505.31249999999994,1.117903708034e-09,2.531069493752,-1.678429543972e-05,0.0753432107158,-2.6136636734010002e-05,6493.907052994,133200.0,-3.887340426445e-06,-1.45199427979,-7.413327693939e-07,0.7082169271863,1023.9687500000001,-1.548532896302,-1.546135831335e-09,-1.5329209951700002e-09,2.0,2292.0,1.0,2.8,1.0,9.313225746155e-10,913.0000000000001,129600.0,0.0
J03,2023-12-11 14:00:00,-1.1541880667200001e-05,-1.47792889038e-12,0.0,149.0,-557.03125,1.79864634941e-09,2.79356362769,-1.79074704647e-05,0.07534401002340001,-2.6326626539200003e-05,6493.904203409999,136800.0,-1.51246786118e-06,-1.45201253262,-2.07126140594e-06,0.7082117645480001,1023.9687500000001,-1.54855591386,-2.3075961206400002e-09,-1.09397413984e-09,2.0,2292.0,1.0,2.8,1.0,9.31322574615e-10,917.0,133206.0,1.0
J03,2023-12-11 15:00:00,-1.1547468602660002e-05,-1.477928890381e-12,0.0,153.0,-629.96875,2.10151610801e-09,3.056071818801,-1.963973045349e-05,0.07534473657142,-2.6836991310120005e-05,6493.9017543790005,140400.0,3.594905138016e-07,-1.452034079939,-6.537884473801e-07,0.7082090976487,1023.9687500000001,-1.548588488652,-2.702969732396e-09,-3.632294156774e-10,2.0,2292.0,1.0,2.8,1.0,9.313225746155e-10,921.0000000000001,136800.0,0.0
J03,2023-12-11 16:00:00,-1.1553056538110002e-05,-1.477928890381e-12,0.0,157.0,-703.875,1.7972177184750002e-09,-2.964605834155,-2.115406095982e-05,0.07534475577995,-2.7630478143690004e-05,6493.90146637,144000.0,-7.599592208862e-07,-1.452060421242,2.160668373108e-06,0.7082096125959,1023.9687500000001,-1.548616816598,-2.485460672271e-09,6.946717930114e-10,2.0,2292.0,1.0,2.8,1.0,9.313225746155e-10,925.0,140400.0,0.0
J03,2023-12-11 17:00:00,-1.155864447355e-05,-1.477928890381e-12,0.0,161.0,-763.40625,6.443125524897e-10,-2.702110610347,-2.194195985794e-05,0.07534506183583,-2.8165057301520004e-05,6493.900409698,147600.0,-5.733221769333e-06,-1.45209295654,2.7846544981e-06,0.7082156529847001,1023.9687500000001,-1.548629330399,-1.2743387956120002e-09,2.023298564221e-09,2.0,2292.0,1.0,2.8,1.0,9.313225746155e-10,928.9999999999999,144000.0,0.0
J03,2023-12-11 18:00:00,-1.1564232409e-05,-1.47792889038e-12,0.0,165.0,-799.5625,-7.736036522690001e-10,-2.43963605465,-2.2187829017600004e-05,0.0753457607934,-2.80998647213e-05,6493.89845085,151200.0,-8.49738717079e-06,-1.45211431953,-2.12341547012e-06,0.7082254428320001,1023.9687500000001,-1.54863128632,3.2215627624500004e-10,2.5008184548400004e-09,2.0,2292.0,1.0,2.8,1.0,9.31322574615e-10,933.0,147606.0,1.0
J03,2023-12-11 19:00:00,-1.15693546832e-05,-1.47792889038e-12,0.0,169.0,-746.5,-1.9615102762000003e-09,-2.17723576837,-2.10180878639e-05,0.0753509606002,-2.75708734989e-05,6493.882484440001,154800.0,-5.94928860664e-06,-1.45212612236,-8.40984284878e-06,0.70823780449,1023.9687500000001,-1.54856614258,1.98436837119e-09,2.37367030147e-09,3.0,2292.0,1.0,2.8,1.0,9.31322574615e-10,936.9999999999999,151206.0,1.0
J03,2023-12-11 20:00:00,-1.15744769573e-05,-1.47792889038e-12,0.0,173.0,-646.0,1.0711160448499999e-09,-1.91484180482,-1.7946586012800003e-05,0.0753529798239,-2.8597190976100003e-05,6493.873703,158400.0,5.86733222008e-07,-1.45209408738,-1.8551945686299998e-06,0.708214804492,1023.9687500000001,-1.54853162649,-1.62649632153e-09,2.2429505707500003e-10,2.0,2292.0,1.0,2.8,1.0,9.31322574615e-10,941.0,154806.0,1.0
J03,2023-12-11 21:00:00,-1.15795992315e-05,-1.47792889038e-12,0.0,177.0,-551.34375,1.96293890714e-09,-1.65251366674,-1.55698508024e-05,0.0753566263011,-2.6684254407900004e-05,6493.84833336,162000.0,9.927898645400001e-07,-1.45209775637,-9.31322574615e-08,0.708209210293,938.09375,-1.54839728526,-2.3740274592000003e-09,-9.03609067516e-11,3.0,2292.0,1.0,2.8,1.0,9.31322574615e-10,944.9999999999999,158406.0,1.0
J03,2023-12-11 22:00:00,-1.15847215056e-05,-1.47792889038e-12,0.0,181.0,-517.71875,1.70649965399e-09,-1.3902113477,-1.5184283256500001e-05,0.0753584066406,-2.3368746042300003e-05,6493.81744385,165600.0,2.3785978555699997e-06,-1.45210573659,7.15255737305e-07,0.7082143012480001,805.9374999999999,-1.54822680264,-1.5947092831900002e-09,-2.47510309798e-10,2.0,2292.0,1.0,2.8,1.0,9.31322574615e-10,949.0,162006.0,1.0
J03,2023-12-11 23:00:00,-1.1589843779800002e-05,-1.47792889038e-12,0.0,185.0,-539.0625,1.2339799716500001e-09,-1.1278298014,-1.6173347830800003e-05,0.0753578328295,-2.15265899897e-05,6493.800724029999,169200.0,2.33575701714e-06,-1.45210788855,3.5017728805499996e-06,0.7082187075580001,736.46875,-1.54813663861,-7.65031866648e-10,-7.578887119640001e-10,3.0,2292.0,1.0,2.8,1.0,9.31322574615e-10,952.9999999999999,165606.0,1.0
J03,2023-12-12 00:00:00,-1.1594500392700001e-05,-1.47792889038e-12,0.0,189.0,-526.375,1.3239837206600002e-09,-0.865346819294,-1.61863863468e-05,0.0753584728809,-2.1243467927e-05,6493.80340385,172800.0,-9.555369615549998e-07,-1.45211240018,4.4312328100199995e-06,0.70821461285,739.03125,-1.54814720234,-1.0250426971400001e-09,-1.26826711413e-09,2.0,2292.0,1.0,2.8,1.0,9.31322574615e-10,957.0,169206.0,1.0
J04,2023-12-11 00:00:00,7.393769919872001e-05,7.958078640513001e-13,0.0,93.0,416.65625000000006,2.8783341798860004e-09,-2.633712492903,1.198425889015e-05,0.0749546289444,2.238713204861e-05,6493.677991867,86400.0,3.650784492493e-07,0.2614269849347,5.0291419029239996e-08,0.6208450694663,-601.75,-1.550789915573,-2.431887012141e-09,1.3889864282890003e-09,2.0,2292.0,1.0,2.8,1.0,-2.793967723846e-09,861.0,82818.0,0.0
J04,2023-12-11 01:00:00,7.394049316645e-05,7.958078640513001e-13,0.0,97.0,521.3125,2.58332189144e-09,-2.371290271632,1.4387071132660002e-05,0.07496383658144999,2.1422281861310004e-05,6493.653982162,90000.0,-1.093372702599e-06,0.26140903492990003,-7.376074790955e-07,0.6208534651532001,-547.96875,-1.550709241493,-1.757216052245e-09,1.819718655729e-09,2.0,2292.0,1.0,2.8,1.0,-2.793967723846e-09,865.0,86400.0,0.0
J04,2023-12-11 02:00:00,7.394282147288001e-05,7.958078640513001e-13,0.0,101.0,551.78125,2.121874098859e-09,-2.108824246206,1.5176832675930003e-05,0.07496642542537,2.165511250496e-05,6493.646015167,93600.0,-5.569308996201e-07,0.2613977353506,-2.296641469002e-06,0.6208622514391,-547.8125,-1.550675505139,-1.147190642238e-09,1.877221050935e-09,2.0,2292.0,1.0,2.8,1.0,-2.793967723846e-09,869.0,90000.0,0.0
J04,2023-12-11 03:00:00,7.394561544060001e-05,7.95807864051e-13,0.0,105.0,486.75,2.32831126922e-09,-1.84625239767,1.3994053006200002e-05,0.0749628418125,2.0658597350100002e-05,6493.6621742199995,97200.0,1.03376805782e-06,0.261396654254,-1.26659870148e-06,0.6208643770590001,-509.62500000000006,-1.5507588388,-1.6486401010500002e-09,1.49506227534e-09,2.0,2292.0,1.0,2.8,1.0,-2.79396772385e-09,873.0,93606.0,1.0
J04,2023-12-11 04:00:00,7.394794374700001e-05,7.95807864051e-13,0.0,109.00000000000001,412.875,2.75332897292e-09,-1.58360485045,1.27535313368e-05,0.0749589144252,1.78832560778e-05,6493.6916999800005,100800.0,7.5064599514e-07,0.26139256978700004,2.99885869026e-07,0.620862947788,-399.0,-1.55092068875,-2.58760778425e-09,1.26183827491e-09,2.0,2292.0,1.0,2.8,1.0,-2.79396772385e-09,877.0,97205.99999999999,1.0
J04,2023-12-11 05:00:00,7.395073771480001e-05,7.95807864051e-13,0.0,112.99999999999999,397.3125,2.7876161154000002e-09,-1.32098188317,1.26399099827e-05,0.07495822932110001,1.5318393707300002e-05,6493.71637726,104400.0,2.71946191788e-07,0.261382621944,5.64381480217e-07,0.62086487884,-292.28125,-1.55105692592,-2.9726238217100004e-09,1.2400516531300001e-09,2.0,2292.0,1.0,2.8,1.0,-2.79396772385e-09,881.0,100806.0,1.0
J04,2023-12-11 06:00:00,7.395306602120001e-05,7.95807864051e-13,0.0,117.0,399.78125,2.53081970451e-09,-1.05846624873,1.2615695595700001e-05,0.0749586333986,1.4748424291600001e-05,6493.72210693,108000.0,2.92435288429e-07,0.261373202214,1.03935599327e-06,0.6208707729370001,-269.1875,-1.55108708544,-2.7290422469900004e-09,1.1396903298200002e-09,2.0,2292.0,1.0,2.8,1.0,-2.79396772385e-09,885.0,104406.0,1.0
J04,2023-12-11 07:00:00,7.39558599889e-05,7.95807864051e-13,0.0,121.0,344.96875,2.3929568191100003e-09,-0.796051788238,1.1011958122300001e-05,0.0749556167284,1.54711306095e-05,6493.70625687,111600.00000000001,-6.239861249919999e-07,0.261366806337,1.70804560184e-06,0.6208768791570001,-300.84375,-1.55101671323,-2.3665271467800005e-09,8.27891627867e-10,2.0,2292.0,1.0,2.8,1.0,-2.79396772385e-09,889.0,108006.0,1.0
J04,2023-12-11 08:00:00,7.39591196179e-05,7.95807864051e-13,0.0,125.0,245.5,2.8869059655100003e-09,-0.533662902482,8.25151801109e-06,0.07494774204679999,1.5549361705800002e-05,6493.67672729,115199.99999999999,-1.29453837872e-06,0.26135504154899997,7.003545761109999e-07,0.6208792666390001,-304.21875,-1.55091321616,-2.70118394372e-09,7.58245869698e-10,2.0,2292.0,1.0,2.8,1.0,-2.79396772385e-09,893.0,111606.0,1.0
J04,2023-12-11 09:00:00,7.396237924700001e-05,7.95807864051e-13,0.0,129.0,183.1875,3.39264131713e-09,-0.27122074456399997,6.452202796939999e-06,0.0749401416397,1.44485384226e-05,6493.65292168,118800.0,-4.954636096949999e-07,0.26133810680999997,2.0116567611699998e-07,0.620881661436,-265.53125,-1.55085507687,-3.1454881650600004e-09,1.07004457165e-09,2.0,2292.0,1.0,2.8,1.0,-2.79396772385e-09,897.0000000000001,115206.00000000001,1.0
J04,2023-12-11 10:00:00,7.396563887600001e-05,7.95807864051e-13,0.0,133.0,178.34375,3.4033560491500005e-09,-0.00872689589881,6.2957406043999995e-06,0.0749397815671,1.4320015907300002e-05,6493.651832580001,122400.0,-4.48897480965e-07,0.261327282679,7.82310962677e-08,0.6208855542610001,-263.3125,-1.55085193306,-3.16191742084e-09,1.02432838167e-09,2.0,2292.0,1.0,2.8,1.0,-2.79396772385e-09,901.0,118805.99999999999,1.0
J04,2023-12-11 11:00:00,7.39684328437e-05,7.95807864051e-13,0.0,137.0,151.5,3.18727561997e-09,0.253751619922,5.53391873837e-06,0.0749476046767,1.6205012798300002e-05,6493.673744199999,126000.0,-6.426125764849999e-07,0.261314705972,1.28522515297e-07,0.6208893446820001,-328.96875,-1.55083355149,-3.09834334415e-09,1.1032602409300002e-09,2.0,2292.0,1.0,2.8,1.0,-2.79396772385e-09,905.0000000000001,122405.99999999999,1.0
J04,2023-12-11 12:00:00,7.39716924727e-05,7.95807864051e-13,0.0,141.0,62.125,2.46367405048e-09,0.516171270845,2.97836959362e-06,0.0749587210594,1.7749145627e-05,6493.7080535899995,129600.0,-1.74157321453e-06,0.261295701203,-5.53205609322e-07,0.620895545992,-384.0625,-1.55075520053,-2.47153152064e-09,1.54863593547e-09,2.0,2292.0,1.0,2.8,1.0,-2.79396772385e-09,909.0,126006.0,1.0
J04,2023-12-11 13:00:00,7.39744864404e-05,7.95807864051e-13,0.0,145.0,-22.1875,1.85114853634e-09,0.778570224404,5.811452865599999e-07,0.0749658783898,1.75442546606e-05,6493.73430634,133200.0,-1.05611979961e-06,0.261283025018,-1.87940895557e-06,0.62090250363,-378.4375,-1.55066582062,-1.92400871411e-09,1.55792203656e-09,2.0,2292.0,1.0,2.8,1.0,-2.79396772385e-09,913.0000000000001,129606.0,1.0
J04,2023-12-11 14:00:00,7.39777460694e-05,7.95807864051e-13,0.0,149.0,-39.28125,1.9582958566e-09,1.04103253841,-3.53902578354e-08,0.0749668265926,1.73356384039e-05,6493.73869324,136800.0,5.4016709327700004e-08,0.26127712507,-1.3876706361799999e-06,0.6209061097230001,-371.21875,-1.55064752537,-2.09080137598e-09,1.28576784311e-09,2.0,2292.0,1.0,2.8,1.0,-2.79396772385e-09,917.0,133206.0,1.0
J04,2023-12-11 15:00:00,7.398100569840001e-05,7.95807864051e-13,0.0,153.0,-25.3125,2.51474760647e-09,1.30360049704,1.65775418282e-07,0.0749652486993,1.8903985619500002e-05,6493.72193718,140400.0,-2.2538006305699996e-07,0.261270240577,-7.72997736931e-07,0.620907397091,-435.125,-1.55073355665,-2.56689263567e-09,1.1529051659800001e-09,2.0,2292.0,1.0,2.8,1.0,-2.79396772385e-09,921.0000000000001,136806.0,1.0
J04,2023-12-11 16:00:00,7.39833340049e-05,7.95807864051e-13,0.0,157.0,-55.9375,3.08334271931e-09,1.56624353263,-5.92321157455e-07,0.07496556430120001,2.18152999878e-05,6493.6934166,144000.0,-5.28991222382e-07,0.261260283957,-1.27404928207e-06,0.620909518322,-555.4375,-1.55088926965,-2.8804771262900004e-09,1.2132648230600002e-09,2.0,2292.0,1.0,2.8,1.0,-2.79396772385e-09,925.0,140406.0,1.0
J04,2023-12-11 17:00:00,7.39865936339e-05,7.95807864051e-13,0.0,161.0,-140.40625,3.4401432957800003e-09,1.82888336442,-2.5443732738499998e-06,0.0749688133365,2.4165958166100004e-05,6493.6662731199995,147600.0,1.3969838619199998e-07,0.261249576859,-1.95205211639e-06,0.620913501848,-651.0,-1.55103683566,-2.9358365750900004e-09,1.3561279167400001e-09,2.0,2292.0,1.0,2.8,1.0,-2.79396772385e-09,928.9999999999999,144006.0,1.0
J04,2023-12-11 18:00:00,7.39898532629e-05,7.95807864051e-13,0.0,165.0,-200.6875,3.3808551119e-09,2.09144878928,-3.92273068428e-06,0.0749718690058,2.49873846769e-05,6493.652297969999,151200.0,1.15297734737e-06,0.26124126309600004,-1.6149133443799998e-06,0.620919491035,-679.34375,-1.55110816462,-2.68046879514e-09,1.43577409147e-09,2.0,2292.0,1.0,2.8,1.0,-2.79396772385e-09,933.0,147606.0,1.0
J04,2023-12-11 19:00:00,7.39931128919e-05,7.95807864051e-13,0.0,169.0,-168.53125,3.0058394909900004e-09,2.3539237824,-3.26335430145e-06,0.0749701793538,2.5307759642600004e-05,6493.65709686,154800.0,1.4360994100599999e-06,0.26123560013999997,-7.04079866409e-07,0.620925667475,-689.15625,-1.55108969967,-2.3436690517900004e-09,1.4089872614000002e-09,2.0,2292.0,1.0,2.8,1.0,-2.79396772385e-09,936.9999999999999,151206.0,1.0
J04,2023-12-11 20:00:00,7.39963725209e-05,7.95807864051e-13,0.0,173.0,-65.90625,2.35188367968e-09,2.61635022565,-9.983777999879999e-07,0.0749620887218,2.6905909180600002e-05,6493.67724991,158400.0,4.33996319771e-07,0.261234696057,-3.5017728805499995e-07,0.6209318658590001,-758.40625,-1.55102840487,-1.9268659759900003e-09,1.11254634202e-09,2.0,2292.0,1.0,2.8,1.0,-2.79396772385e-09,941.0,154806.0,1.0
J04,2023-12-11 21:00:00,7.399916648865001e-05,7.958078640513001e-13,0.0,177.0,17.65625,2.017941198208e-09,2.878785876507,9.145587682724e-07,0.07495063752867,2.9670074582100003e-05,6493.703245163,162000.0,4.6007335186e-07,0.2612281597385,-5.345791578293e-07,0.6209360161575,-882.5625,-1.550975700318,-1.942223758558e-09,1.07504477993e-09,2.0,2292.0,1.0,2.8,1.0,-2.793967723846e-09,944.9999999999999,158400.0,0.0
J04,2023-12-11 22:00:00,7.400242611766001e-05,7.958078640513001e-13,0.0,181.0,36.78125,1.8754352622640002e-09,3.141257324971,1.393258571625e-06,0.07494270568714,3.2039359211920005e-05,6493.720405579001,165600.0,7.227063179015999e-07,0.2612173034235,5.587935447693e-09,0.6209402132694,-978.3125,-1.550959434132,-2.001511942435e-09,1.283624896701e-09,2.0,2292.0,1.0,2.8,1.0,-2.793967723846e-09,949.0,162000.0,0.0
J04,2023-12-11 23:00:00,7.400522008538001e-05,7.958078640513001e-13,0.0,185.0,43.0625,2.018655513676e-09,-2.879447713812,1.4193356037139998e-06,0.07494328788016001,3.223121166229e-05,6493.719329834,169200.0,1.0393559932709998e-06,0.2612126030677,-2.9057264327999997e-07,0.6209446064124,-969.0,-1.55095839546,-2.074014962477e-09,1.144690538098e-09,2.0,2292.0,1.0,2.8,1.0,-2.793967723846e-09,952.9999999999999,165600.0,0.0
J04,2023-12-12 00:00:00,7.400801405311001e-05,7.958078640513001e-13,0.0,189.0,113.625,2.5590351655150003e-09,-2.617000442996,2.777203917503e-06,0.0749512485927,3.053434193134e-05,6493.701620102,172800.0,1.9036233425139998e-06,0.261209472423,-1.0617077350619998e-07,0.6209480823058,-882.4375,-1.550923449273,-2.346526313668e-09,9.457536801512e-10,2.0,2292.0,1.0,2.8,1.0,-2.793967723846e-09,957.0,169200.0,0.0
J07,2023-12-11 00:00:00,-1.210719347e-08,0.0,0.0,93.0,-882.46875,0.0,-1.079139754982,-2.8705224394800003e-05,0.0001993810292333,1.301988959312e-06,6493.50769043,86400.0,4.1685998439789996e-06,2.053564942743,-4.0214508771900005e-06,0.0005518639016323001,-39.34375,1.259232526512,1.0729018335250002e-09,0.0,2.0,2292.0,1.0,2.8,1.0,-3.725290298462e-09,861.0,82818.0,0.0
J07,2023-12-11 01:00:00,-1.210719347e-08,0.0,0.0,97.0,-907.7187500000001,0.0,-0.834256623874,-2.9454007744800003e-05,0.000196984619834,2.37487256527e-06,6493.49738503,90000.0,6.56954944134e-06,2.05320414472,-7.24568963051e-07,0.000547366891457,-75.71875,1.27721733563,1.15040506185e-09,0.0,2.0,2292.0,1.0,2.8,1.0,-3.7252902984600004e-09,865.0,86405.99999999999,1.0
J07,2023-12-11 02:00:00,-1.1641532182700001e-08,0.0,0.0,101.0,-913.0000000000001,0.0,-0.574174726282,-2.9593706131000002e-05,0.000196589622647,2.3581087589299995e-06,6493.49592781,93600.0,5.850568413729999e-06,2.05069670752,3.7569552659999995e-06,0.000541472794515,-76.0,1.28215095956,1.1646913712100002e-09,0.0,2.0,2292.0,1.0,2.8,1.0,-3.7252902984600004e-09,869.0,90006.0,1.0
J07,2023-12-11 03:00:00,-1.0710209608100001e-08,0.0,0.0,105.0,-875.40625,0.0,-0.304136351608,-2.8440728783600002e-05,0.000199963804334,2.14762985706e-06,6493.5049057,97200.0,2.01165676117e-06,2.0438788217,6.476417183879999e-06,0.000535091545854,-69.96875,1.28143798888,1.1029030832e-09,0.0,2.0,2292.0,1.0,2.8,1.0,-3.7252902984600004e-09,873.0,93606.0,1.0
J07,2023-12-11 04:00:00,-1.0710209608100001e-08,0.0,0.0,109.00000000000001,-835.4374999999999,0.0,-0.0374317887614,-2.7220696210900004e-05,0.000204866752028,2.48476862907e-06,6493.5170116399995,100800.0,-2.4214386939999998e-06,2.03242166862,5.630776286129999e-06,0.000530108846876,-82.40625,1.28869643394,1.01825670019e-09,0.0,2.0,2292.0,1.0,2.8,1.0,-3.7252902984600004e-09,877.0,97205.99999999999,1.0
J07,2023-12-11 05:00:00,-1.0710209608100001e-08,0.0,0.0,112.99999999999999,-828.09375,0.0,0.22441932684600002,-2.6993453502700003e-05,0.000207027536817,2.40840017796e-06,6493.5222759200005,104400.0,-4.54112887383e-06,2.01918636057,2.33203172684e-06,0.000528069539073,-81.21875,1.30258512217,9.82183769039e-10,0.0,2.0,2292.0,1.0,2.8,1.0,-3.7252902984600004e-09,881.0,100806.0,1.0
J07,2023-12-11 06:00:00,-1.0710209608100001e-08,0.0,0.0,117.0,-823.375,0.0,0.491205554169,-2.68500298262e-05,0.000204857788049,1.11199915409e-06,6493.51657486,108000.0,-3.82959842682e-06,2.00854279036,-5.699694156649999e-07,0.0005287980722770001,-39.59375,1.30894700034,1.0232569084700001e-09,0.0,2.0,2292.0,1.0,2.8,1.0,-3.7252902984600004e-09,885.0,104406.0,1.0
J07,2023-12-11 07:00:00,-1.02445483208e-08,0.0,0.0,121.0,-785.625,0.0,0.7693884399800001,-2.5698915123900002e-05,0.00020053808111700002,-4.6379864215899995e-07,6493.503536220001,111600.00000000001,-2.22027301788e-06,2.0029127355,-1.51619315147e-06,0.0005305272414460001,11.53125,1.29890013979,1.11504644616e-09,0.0,2.0,2292.0,1.0,2.8,1.0,-3.7252902984600004e-09,889.0,108006.0,1.0
J07,2023-12-11 08:00:00,-9.778887033460002e-09,0.0,0.0,125.0,-734.03125,0.0,1.052230281,-2.4124979972800002e-05,0.000197348068468,-1.06915831566e-06,6493.49100113,115199.99999999999,-1.54227018356e-06,2.00148508984,-1.3671815395399999e-06,0.000531437176492,31.21875,1.27999387222,1.20255009104e-09,0.0,2.0,2292.0,1.0,2.8,1.0,-3.7252902984600004e-09,893.0,111606.0,1.0
J07,2023-12-11 09:00:00,-9.31322574615e-09,0.0,0.0,129.0,-709.34375,0.0,1.32574904604,-2.33948230743e-05,0.00019639474339800002,-9.424984455109999e-07,6493.4852371199995,118800.0,-1.69686973095e-06,2.00183439518,-1.8067657947499998e-06,0.000530809584636,27.0,1.26863512525,1.2461233346100002e-09,0.0,2.0,2292.0,1.0,2.8,1.0,-3.7252902984600004e-09,897.0000000000001,115206.00000000001,1.0
J07,2023-12-11 10:00:00,-9.778887033460002e-09,0.0,0.0,133.0,-720.9375,0.0,1.58002283701,-2.37915664911e-05,0.00019650999456600002,-1.3522803783399998e-06,6493.48916817,122400.0,-1.15297734737e-06,2.00215986373,-3.2614916563e-06,0.000528979474118,39.1875,1.27654534567,1.2271939747e-09,0.0,2.0,2292.0,1.0,2.8,1.0,-3.7252902984600004e-09,901.0,118805.99999999999,1.0
J07,2023-12-11 11:00:00,-8.84756445885e-09,0.0,0.0,137.0,-735.09375,0.0,1.81867101566,-2.4255365133300003e-05,0.00019585911650200002,-2.9094517231e-06,6493.50066376,126000.0,1.13621354103e-06,2.00217052548,-4.341825842859999e-06,0.000526441311251,87.03125,1.30039485439,1.1614769516100002e-09,0.0,2.0,2292.0,1.0,2.8,1.0,-3.7252902984600004e-09,905.0000000000001,122405.99999999999,1.0
J07,2023-12-11 12:00:00,-8.84756445885e-09,0.0,0.0,141.0,-721.25,0.0,2.05239557966,-2.38064676523e-05,0.000193705433048,-4.91552054882e-06,6493.515254970001,129600.0,4.2933970689799995e-06,2.00217592657,-3.2298266887699998e-06,0.000523127801801,149.0,1.32917134393,1.0768305686e-09,0.0,2.0,2292.0,1.0,2.8,1.0,-3.7252902984600004e-09,909.0,126006.0,1.0
J07,2023-12-11 13:00:00,-1.02445483208e-08,0.0,0.0,145.0,-684.75,0.0,2.29295204862,-2.26199626923e-05,0.00019081775099,-6.252899765969999e-06,6493.52763557,133200.0,6.0182064771699994e-06,2.00151739692,3.632158041e-07,0.000518548868213,190.125,1.35177793111,1.0057561795000001e-09,0.0,2.0,2292.0,1.0,2.8,1.0,-3.7252902984600004e-09,913.0000000000001,129606.0,1.0
J07,2023-12-11 14:00:00,-1.210719347e-08,0.0,0.0,149.0,-660.09375,0.0,2.54716455942,-2.1792948246000002e-05,0.000189088052139,-6.68317079544e-06,6493.533260349999,136800.0,4.52250242233e-06,1.99811312219,4.54857945442e-06,0.00051261819832,203.15625000000003,1.36347291078,9.76469245292e-10,0.0,2.0,2292.0,1.0,2.8,1.0,-3.7252902984600004e-09,917.0,133206.0,1.0
J07,2023-12-11 15:00:00,-1.30385160446e-08,0.0,0.0,153.0,-664.9375,0.0,2.81135507561,-2.1925196051600004e-05,0.000189876998775,-7.15814530849e-06,6493.53119659,140400.0,2.2910535335499997e-07,1.98964766145,6.49876892567e-06,0.000506348131432,217.84374999999997,1.37025077263,9.92184185597e-10,0.0,2.0,2292.0,1.0,2.8,1.0,-3.7252902984600004e-09,921.0000000000001,136806.0,1.0
J07,2023-12-11 16:00:00,-1.35041773319e-08,0.0,0.0,157.0,-687.0,0.0,3.07761790888,-2.2605061531100003e-05,0.00019374862313300002,-8.71904194355e-06,6493.52163887,144000.0,-4.16114926338e-06,1.97578179181,4.7050416469599995e-06,0.0005016565531520001,266.6875,1.38035758356,1.05432963135e-09,0.0,2.0,2292.0,1.0,2.8,1.0,-3.7252902984600004e-09,925.0,140406.0,1.0
J07,2023-12-11 17:00:00,-1.30385160446e-08,0.0,0.0,161.0,-690.0,0.0,-2.94491991318,-2.26888805628e-05,0.000199071480893,-1.1196359992000001e-05,6493.50870705,147600.0,-5.7239085435900005e-06,1.95954023392,5.45755028725e-07,0.000500177542974,344.0,1.39845709862,1.13469012154e-09,0.0,2.0,2292.0,1.0,2.8,1.0,-3.7252902984600004e-09,928.9999999999999,144006.0,1.0
J07,2023-12-11 18:00:00,-1.25728547573e-08,0.0,0.0,165.0,-664.34375,0.0,-2.68989754556,-2.1865591406800002e-05,0.00020368408877400002,-1.3353303074800002e-05,6493.49695206,151200.0,-4.02517616749e-06,1.94577672319,-2.85543501377e-06,0.0005018555100110001,411.59375,1.41970552583,1.20933608799e-09,0.0,2.0,2292.0,1.0,2.8,1.0,-3.7252902984600004e-09,933.0,147606.0,1.0
J07,2023-12-11 19:00:00,-1.1641532182700001e-08,0.0,0.0,169.0,-639.3125,0.0,-2.43344556758,-2.10739672184e-05,0.00020570517517600002,-1.4245510101300002e-05,6493.49122238,154800.0,-1.26659870148e-06,1.93756295605,-3.6936253309199996e-06,0.000504930563813,439.71875,1.43397590694,1.24683765008e-09,0.0,2.0,2292.0,1.0,2.8,1.0,-3.7252902984600004e-09,936.9999999999999,151206.0,1.0
J07,2023-12-11 20:00:00,-1.0710209608100001e-08,0.0,0.0,173.0,-650.375,0.0,-2.16598713525,-2.1420419216200004e-05,0.00020489888265700002,-1.4359131455400001e-05,6493.49439621,158400.0,3.05473804474e-07,1.93446806215,-2.8423964977299997e-06,0.000507366322415,443.1875,1.43212115796,1.22683681696e-09,0.0,2.0,2292.0,1.0,2.8,1.0,-3.7252902984600004e-09,941.0,154806.0,1.0
J07,2023-12-11 21:00:00,-1.02445483208e-08,0.0,0.0,177.0,-691.75,0.0,-1.8845969376,-2.2724270820600003e-05,0.000203057890758,-1.4910474419600001e-05,6493.50479507,162000.0,5.06639480591e-07,1.93401790471,-2.3040920496e-06,0.000508138743161,460.71875,1.41368888463,1.16111979387e-09,0.0,2.0,2292.0,1.0,2.8,1.0,-3.7252902984600004e-09,944.9999999999999,158406.0,1.0
J07,2023-12-11 22:00:00,-1.02445483208e-08,0.0,0.0,181.0,-727.125,0.0,-1.59649695939,-2.3832544684400002e-05,0.000202144496143,-1.62553042173e-05,6493.517608640001,165600.0,9.443610906599999e-07,1.9340879068,-2.8852373361599997e-06,0.000507341452808,503.56249999999994,1.38802491715,1.07897351501e-09,0.0,2.0,2292.0,1.0,2.8,1.0,-3.7252902984600004e-09,949.0,162006.0,1.0
J07,2023-12-11 23:00:00,-1.0710209608100001e-08,0.0,0.0,185.0,-733.6875,0.0,-1.31845797936,-2.4039298296000004e-05,0.00020243483595599999,-1.7296522855800002e-05,6493.525276179999,169200.0,2.9262155294399997e-06,1.93408852561,-3.2857060432399997e-06,0.000505363587565,536.28125,1.3724898024,1.0318286940900002e-09,0.0,2.0,2292.0,1.0,2.8,1.0,-3.7252902984600004e-09,952.9999999999999,165606.0,1.0
J07,2023-12-12 00:00:00,-1.1641532182700001e-08,0.0,0.0,189.0,-738.375,0.0,-1.05973782005,-2.4164095521000002e-05,0.00020205311011500002,-1.71046704054e-05,6493.52318573,172800.0,5.6363642215699995e-06,1.93404148109,-1.53854489326e-06,0.000502058855624,528.53125,1.37632078401,1.0525438426800002e-09,0.0,2.0,2292.0,1.0,2.8,1.0,-3.7252902984600004e-09,957.0,169206.0,1.0
