satelite_id,Datetime,a0,a1,a2,IODEC,C_rs,Delta n0,M0,C_uc,e,C_us,sqrt(A),T_oe,C_ic,OMEGA0,C_is,i0,C_rc,omega,OMEGA DOT,IDOT,Spare1,IRN Week,Spare2,User Range accurracy,Health,TGD,Spare3,t_tm
I02,2023-12-10 23:50:24,-0.000152484513819,2.8990143618999997e-11,0.0,160.0,628.375,2.3300970579000004e-09,0.975319509081,2.04779207706e-05,0.00173213391099,2.1405518055e-05,6493.38499832,85824.0,-6.70552253723e-08,3.10047651296,1.5646219253499998e-07,0.49821783400700004,-576.0,-3.14139103129,-2.0015119424300002e-09,-4.72876840076e-10,0.0,2292.0,,2.0,0.0,-1.8626451492300002e-09,,86220.0
I02,2023-12-11 00:05:36,-0.000152457971126,3.00133251585e-11,0.0,161.0,642.8125,2.2915240226e-09,1.04107652689,2.0910054445300002e-05,0.0017327979439900002,2.171844244e-05,6493.38832855,86736.0,-9.31322574615e-08,3.10047490521,1.49011611938e-07,0.4982174595,-587.125,-3.14064162371,-1.99151152588e-09,-4.82520098899e-10,0.0,2292.0,,2.0,0.0,-1.8626451492300002e-09,,87132.0
I02,2023-12-11 00:20:48,-0.00015243235975500002,2.7625901566399996e-11,0.0,162.0,655.8125,2.2543796182500003e-09,1.10653723064,2.1312385797500004e-05,0.0017335755983400002,2.20946967602e-05,6493.39334488,87647.99999999999,-1.1548399925199999e-07,3.10047319506,1.37835741043e-07,0.4982170337910001,-600.1875,-3.1395958655,-1.98436837119e-09,-4.91806199988e-10,0.0,2292.0,,2.0,0.0,-1.8626451492300002e-09,,87899.99999999999
I02,2023-12-11 00:36:00,-0.00015240861102940002,2.6716406864579996e-11,0.0,163.0,666.875,2.2215211067000004e-09,1.172283197569,2.1658837795260004e-05,0.001733941142447,2.2519379854200004e-05,6493.396331787,88560.0,-1.3783574104309998e-07,3.100471600481,1.229345798492e-07,0.49821662709950004,-614.5625,-3.138835553328,-1.97722521651e-09,-5.003779856087e-10,0.0,2292.0,,2.0,0.0,-1.862645149231e-09,,88764.0
I02,2023-12-11 00:50:24,-0.000152382999659,2.8990143618999997e-11,0.0,164.0,675.25,2.19294848796e-09,1.23447728717,2.19233334064e-05,0.00173442368396,2.29440629482e-05,6493.399948120001,89423.99999999999,-1.52736902237e-07,3.10047001614,1.08033418655e-07,0.498216211631,-628.8125,-3.13802403756,-1.9729393237e-09,-5.082354557610001e-10,0.0,2292.0,,2.0,0.0,-1.8626451492300002e-09,,89628.0
I02,2023-12-11 01:05:36,-0.00015235831961,2.72848410532e-11,0.0,165.0,681.875,2.1643758692300002e-09,1.30003681397,2.21394002438e-05,0.0017347885295700002,2.33948230743e-05,6493.4041576399995,90336.0,-1.63912773132e-07,3.10046837475,9.31322574615e-08,0.498215768367,-643.6875,-3.13707763343,-1.97008206183e-09,-5.16092925913e-10,0.0,2292.0,,2.0,0.0,-1.8626451492300002e-09,,90540.0
I02,2023-12-11 01:20:48,-0.000152313616127,2.92175172945e-11,0.0,166.0,686.25,2.1400891433e-09,1.36586135276,2.2280961275100003e-05,0.0017349731642799999,2.3830682039300004e-05,6493.40709877,91248.0,-1.71363353729e-07,3.10046697473,7.45058059692e-08,0.498215753737,-657.9375,-3.1363972156,-1.9672247999500003e-09,-5.23950396066e-10,0.0,2292.0,,2.0,0.0,-1.8626451492300002e-09,,91452.00000000001
I02,2023-12-11 01:36:00,-0.0001522907987237,2.296474121977e-11,0.0,167.0,688.6875,2.1172310483140004e-09,1.431683648902,2.235919237137e-05,0.00173510145396,2.4221837520600002e-05,6493.409959793001,92160.0,-1.788139343262e-07,3.100465317248,5.587935447693e-08,0.49821528121479997,-670.875,-3.135713926066,-1.965796169015e-09,-5.318078662179999e-10,0.0,2292.0,,2.0,0.0,-1.862645149231e-09,,92364.0
I02,2023-12-11 01:50:24,-0.000152267981321,2.2851054382e-11,0.0,168.0,689.5,2.1000874770700004e-09,1.49416172748,2.23852694035e-05,0.00173514639027,2.4542212486300002e-05,6493.41205978,93024.0,-1.82539224625e-07,3.10046375485,3.72529029846e-08,0.49821481747,-681.5,-3.13518684839,-1.96436753808e-09,-5.3966533637e-10,0.0,2292.0,,2.0,0.0,-1.8626451492300002e-09,,93228.00000000001
I02,2023-12-11 02:05:36,-0.000152240507305,2.84217094304e-11,0.0,169.0,689.125,2.0843725367700004e-09,1.56015567219,2.23740935326e-05,0.0017351501155600001,2.4810433387800004e-05,6493.41428757,93936.0,-1.82539224625e-07,3.10046210907,1.49011611938e-08,0.49821433178100005,-690.75,-3.13467544148,-1.96436753808e-09,-5.47879964257e-10,0.0,2292.0,,2.0,0.0,-1.8626451492300002e-09,,94140.0
I02,2023-12-11 02:20:48,-0.000152217689902,2.60342858383e-11,0.0,170.0,687.875,2.07151485834e-09,1.62641718607,2.2336840629600002e-05,0.00173511763569,2.4992972612400002e-05,6493.41512108,94848.0,-1.7881393432599998e-07,3.10046044719,-3.7252902984600004e-09,0.498213827074,-697.5,-3.13443168422,-1.9657961690200003e-09,-5.56094592143e-10,0.0,2292.0,,2.0,0.0,-1.8626451492300002e-09,,95052.0
I02,2023-12-11 02:36:00,-0.000152190681547,2.8762769943599998e-11,0.0,171.0,686.3125,2.06294307272e-09,1.69280991786,2.22995877266e-05,0.00173509272281,2.50823795795e-05,6493.41542435,95760.0,-1.67638063431e-07,3.10045871949,-2.23517417908e-08,0.49821331797900004,-701.5625,-3.13431913169,-1.9672247999500003e-09,-5.6430922003e-10,0.0,2292.0,,2.0,0.0,-1.8626451492300002e-09,,95963.99999999999
I02,2023-12-11 02:50:24,-0.000152162276208,3.27418092638e-11,0.0,172.0,685.125,2.05865717991e-09,1.75567846098,2.22772359848e-05,0.00173516606446,2.50823795795e-05,6493.41605949,96624.0,-1.5646219253499998e-07,3.10045713076,-3.72529029846e-08,0.498212826438,-702.625,-3.13418295743,-1.97151069276e-09,-5.72166690182e-10,0.0,2292.0,,2.0,0.0,-1.8626451492300002e-09,,96828.0
I02,2023-12-11 03:05:36,-0.00015213387087000002,3.04680725094e-11,0.0,173.0,685.125,2.0543712871e-09,1.82210621063,2.2303313016900004e-05,0.0017350113485000002,2.4996697902700003e-05,6493.41665649,97536.0,-1.37835741043e-07,3.1004556971,-4.842877388e-08,0.49821228077,-701.3125,-3.13410549006,-1.9786538474500003e-09,-5.796670026e-10,0.0,2292.0,,2.0,0.0,-1.8626451492300002e-09,,97739.99999999999
I02,2023-12-11 03:20:48,-0.000152103137225,3.1491254048899996e-11,0.0,174.0,686.6875,2.0615144417800002e-09,1.88879421195,2.2388994693800004e-05,0.0017350261332500002,2.48141586781e-05,6493.41618347,98448.0,-1.19209289551e-07,3.10045417713,-5.58793544769e-08,0.498211798007,-696.4375,-3.13428831532,-1.98436837119e-09,-5.86810157284e-10,0.0,2292.0,,2.8,0.0,-1.8626451492300002e-09,,98652.0
I02,2023-12-11 03:36:00,-0.000152081251144,2.54658516496e-11,0.0,175.0,690.9375,2.07294348927e-09,1.95574443987,2.2560358047500005e-05,0.00173522776458,2.4564564228100003e-05,6493.4142074599995,99360.0,-1.0058283805799999e-07,3.10045248599,-5.960464477540001e-08,0.49821123478300006,-689.0,-3.13473319603,-1.99151152588e-09,-5.932389965e-10,0.0,2292.0,,2.0,0.0,-1.8626451492300002e-09,,99564.0
I02,2023-12-11 03:50:24,-0.000152057502419,2.38742359215e-11,0.0,176.0,697.9375,2.0915156914500003e-09,2.01940774688,2.28174030781e-05,0.0017353792209200002,2.4288892746e-05,6493.41149521,100224.0,-8.568167686460002e-08,3.10045099528,-5.58793544769e-08,0.498210689115,-680.25,-3.13539095472,-1.99865468056e-09,-5.982392047780001e-10,0.0,2292.0,,2.0,0.0,-1.8626451492300002e-09,,100476.00000000001
I02,2023-12-11 04:05:36,-0.00015203142538670002,2.728484105319e-11,0.0,177.0,708.875,2.115802417378e-09,2.086556403552,2.3186206817630002e-05,0.0017361453501510001,2.39834189415e-05,6493.408304214,101136.0,-7.078051567078001e-08,3.100449320239,-4.842877388e-08,0.49821011272520005,-670.1875,-3.136034565525,-2.0057978352450004e-09,-6.021679398546001e-10,0.0,2292.0,,2.0,0.0,-1.862645149231e-09,,101387.99999999999
I02,2023-12-11 04:20:48,-0.000152005814016,2.84217094304e-11,0.0,178.0,723.4375,2.1458036670500003e-09,2.15372310093,2.3659318685500005e-05,0.00173687655479,2.37002968788e-05,6493.4052486400005,102048.0,-6.33299350739e-08,3.10044747111,-3.72529029846e-08,0.498209571446,-660.375,-3.13669566698,-2.0115123589900005e-09,-6.043108862599999e-10,0.0,2292.0,,2.0,0.0,-1.8626451492300002e-09,,102252.00000000001
I02,2023-12-11 04:36:00,-0.000151979271322,2.96722646453e-11,0.0,179.0,741.0625,2.17723354766e-09,2.22113662915,2.42032110691e-05,0.0017379157943700002,2.3469328880300003e-05,6493.4005947099995,102960.0,-6.33299350739e-08,3.10044567465,-2.60770320892e-08,0.498209011148,-652.0,-3.13760333597,-2.0157982518000003e-09,-6.05025201728e-10,0.0,2292.0,,2.0,0.0,-1.8626451492300002e-09,,103163.99999999999
I02,2023-12-11 04:50:24,-0.000151956919581,2.6261659513699998e-11,0.0,180.0,759.5625,2.21009205921e-09,2.28496797132,2.4762004613900002e-05,0.0017387934494799999,2.33203172684e-05,6493.39660072,103824.0,-7.07805156708e-08,3.1004439484,-1.86264514923e-08,0.498208487423,-646.3125,-3.13842861341,-2.0172268827400004e-09,-6.043108862599999e-10,0.0,2292.0,,2.0,0.0,-1.8626451492300002e-09,,104075.99999999999
I02,2023-12-11 05:05:36,-0.0001519480720162,2.921751729446e-11,0.0,181.0,779.5,2.242950570751e-09,2.352154636065,2.534314990044e-05,0.0017398010240870002,2.3249536752700003e-05,6493.392957687,104736.0,-7.82310962677e-08,3.100441849116,-1.4901161193850002e-08,0.49820753506360005,-643.1875,-3.139108045227,-2.0172268827390004e-09,-6.021679398546001e-10,0.0,2292.0,,2.0,0.0,-1.862645149231e-09,,104987.99999999999
I02,2023-12-11 05:20:48,-0.0001519224606454,3.080913302256e-11,0.0,182.0,798.1875,2.2715231894870003e-09,2.419311802527,2.5879591703410004e-05,0.001741259009577,2.3268163204190005e-05,6493.388410568001,105648.00000000001,-8.940696716309e-08,3.100440019006,-1.862645149231e-08,0.4982069806176,-643.25,-3.139759315875,-2.012940989929e-09,-5.989535202468e-10,0.0,2292.0,,2.0,0.0,-1.862645149231e-09,,105900.0
I02,2023-12-11 05:36:00,-0.00015189731493590002,2.728484105319e-11,0.0,183.0,813.9374999999999,2.292952653539e-09,2.486425091688,2.631917595863e-05,0.00174212642014,2.3350119590760002e-05,6493.385253906,106560.00000000001,-1.0058283805849999e-07,3.100438076251,-2.9802322387700004e-08,0.49820648907720005,-645.75,-3.140365572534,-2.0057978352450004e-09,-5.960962583733e-10,0.0,2292.0,,2.0,0.0,-1.862645149231e-09,,106752.0
I02,2023-12-11 05:50:24,-0.0001518740318716,2.717115421547e-11,0.0,184.0,824.75,2.308667593843e-09,2.549745642843,2.6613473892210003e-05,0.001742862747051,2.3454427719120002e-05,6493.383146286,107424.00000000001,-1.080334186554e-07,3.100436292954,-4.0978193283079996e-08,0.4982060019254,-649.25,-3.140679871706,-1.9972260496250003e-09,-5.928818387655001e-10,0.0,2292.0,,2.0,0.0,-1.862645149231e-09,,107664.0
I02,2023-12-11 06:05:36,-0.0001518470235169,2.94448909699e-11,0.0,185.0,831.1875,2.314382117591e-09,2.616469495897,2.6781111955640003e-05,0.001743531785905,2.3547559976580002e-05,6493.381202698,108336.00000000001,-1.080334186554e-07,3.100434417493,-5.587935447693e-08,0.4982054957558,-652.75,-3.140897144299,-1.987225633067e-09,-5.900245768919001e-10,0.0,2292.0,,2.0,0.0,-1.862645149231e-09,,108576.0
I02,2023-12-11 06:20:48,-0.0001518209464848,2.84217094304e-11,0.0,186.0,832.25,2.311524855717e-09,2.683009650327,2.679601311684e-05,0.001743666827679,2.3577362298970004e-05,6493.380865097,109247.99999999999,-1.0430812835689999e-07,3.100432544957,-7.078051567078001e-08,0.49820500421530006,-654.125,-3.140930629031,-1.97722521651e-09,-5.875244727526e-10,0.0,2292.0,,2.0,0.0,-1.862645149231e-09,,109488.00000000001
I02,2023-12-11 06:36:00,-0.0001517958007753,2.78532752418e-11,0.0,187.0,828.8125000000001,2.297238546349e-09,2.749392347959,2.6687979698180004e-05,0.001743184751831,2.3506581783290002e-05,6493.3822879790005,110159.99999999999,-1.0058283805849999e-07,3.100430703144,-7.82310962677e-08,0.4982045112119,-651.9375,-3.140806665742,-1.968653430889e-09,-5.860958418158e-10,0.0,2292.0,,2.0,0.0,-1.862645149231e-09,,110352.0
I02,2023-12-11 06:50:24,-0.0001517725177109,2.68300937023e-11,0.0,188.0,822.5,2.275809082297e-09,2.812238350432,2.6501715183260005e-05,0.001742616179399,2.3312866687770003e-05,6493.383644104,111023.99999999999,-8.940696716309e-08,3.1004289769,-8.568167686462001e-08,0.49820401967140004,-645.5625,-3.140646569839,-1.9600816452680002e-09,-5.850243686132e-10,0.0,2292.0,,2.0,0.0,-1.862645149231e-09,,111264.00000000001
I02,2023-12-11 07:05:36,-0.0001517478376627,2.728484105319e-11,0.0,189.0,814.6875,2.244379201688e-09,2.87856346322,2.628192305565e-05,0.0017414659960200002,2.2996217012410003e-05,6493.386447906,111935.99999999999,-7.82310962677e-08,3.100427126309,-9.685754776001e-08,0.49820357055560005,-634.4375,-3.140465091925,-1.9443667049630003e-09,-5.875244727526e-10,0.0,2292.0,,2.0,0.0,-1.862645149231e-09,,112176.00000000001
I02,2023-12-11 07:20:48,-0.00015172408893700002,2.4215296434699998e-11,0.0,190.0,806.9375000000001,2.212949321079e-09,2.944952653282,2.6065856218340005e-05,0.0017399661010130002,2.25342810154e-05,6493.389947891,112848.0,-7.450580596924e-08,3.100425370807,-9.313225746155001e-08,0.4982030219613,-618.5,-3.140347719082,-1.9443667049630003e-09,-5.878816304868e-10,0.0,2292.0,,2.0,0.0,-1.862645149231e-09,,113088.00000000001
I02,2023-12-11 07:36:00,-0.000151698011905,2.78532752418e-11,0.0,191.0,801.0624999999999,2.177233547659e-09,3.011218340874,2.5898218154910005e-05,0.0017381494399160001,2.198293805122e-05,6493.394449234,113760.0,-7.450580596924e-08,3.100423580195,-9.313225746155001e-08,0.4982025040883,-599.1875,-3.140107475749,-1.9443667049630003e-09,-5.88238788221e-10,0.0,2292.0,,2.0,0.0,-1.862645149231e-09,,113999.99999999999
I02,2023-12-11 07:50:24,-0.0001516742631793,2.887645678129e-11,0.0,192.0,798.125,2.1429464051770005e-09,3.073938207625,2.581626176834e-05,0.00173665699549,2.142041921616e-05,6493.397865295,114623.99999999999,-7.82310962677e-08,3.100421921246,-8.940696716309e-08,0.4982019598828,-579.375,-3.139822380811,-1.9457953359000003e-09,-5.88238788221e-10,0.0,2292.0,,2.0,0.0,-1.862645149231e-09,,114864.00000000001
I02,2023-12-11 08:05:36,-0.00015164865180850002,2.8080648917239996e-11,0.0,193.0,798.1875,2.104373369883e-09,3.140651236547,2.5819987058640004e-05,0.0017345058731730002,2.08355486393e-05,6493.403158188,115536.0,-7.450580596924e-08,3.100420121857,-8.940696716309e-08,0.4982014610277,-558.8125,-3.140028710777,-1.9443667049630003e-09,-5.88238788221e-10,0.0,2292.0,,2.0,0.0,-1.862645149231e-09,,115824.0
I02,2023-12-11 08:20:48,-0.0001516221091151,2.876276994357e-11,0.0,194.0,801.0,2.068657596464e-09,-3.075986851771,2.590194344521e-05,0.001733054057695,2.0321458578110002e-05,6493.406499863,116448.0,-7.078051567078001e-08,3.100418360504,-9.313225746155001e-08,0.4982009329143,-540.8125,-3.140070248873,-1.940080812153e-09,-5.88238788221e-10,0.0,2292.0,,2.0,0.0,-1.862645149231e-09,,116687.99999999999
I02,2023-12-11 08:36:00,-0.00015159510076050002,2.933120413218e-11,0.0,195.0,805.5,2.0357990849180002e-09,-3.009365370798,2.6028603315350002e-05,0.001731696887873,1.992285251617e-05,6493.409801483,117360.0,-5.960464477539e-08,3.100416605002,-8.940696716309e-08,0.49820043113340007,-526.875,-3.140186095892,-1.9329376574690003e-09,-5.885959459551e-10,0.0,2292.0,,2.0,0.0,-1.862645149231e-09,,117600.0
I02,2023-12-11 08:50:24,-0.0001515704207122,2.876276994357e-11,0.0,196.0,809.8125,2.011512358992e-09,-2.946254773257,2.61515378952e-05,0.001730934949592,1.967325806618e-05,6493.411624908,118224.0,-4.842877388e-08,3.100414960682,-8.195638656615999e-08,0.4981999907951,-518.5,-3.140291481585,-1.9229372409120002e-09,-5.893102614235e-10,0.0,2292.0,,2.0,0.0,-1.862645149231e-09,,118512.0
I02,2023-12-11 09:05:36,-0.00015154620632530001,2.603428583825e-11,0.0,197.0,812.6250000000001,1.992940156814e-09,-2.879596021521,2.6237219572070002e-05,0.0017305283108730001,1.956149935722e-05,6493.4127349850005,119136.0,-3.725290298462e-08,3.100413240291,-7.450580596924e-08,0.49819949779170003,-514.75,-3.140444564259,-1.9100795624810002e-09,-5.903817346261e-10,0.0,2292.0,,2.0,0.0,-1.862645149231e-09,,119424.0
I02,2023-12-11 09:20:48,-0.0001515224575996,2.717115421547e-11,0.0,198.0,812.3125,1.98579700213e-09,-2.813128309331,2.6237219572070002e-05,0.0017305603250860001,1.958012580872e-05,6493.4126491550005,120048.0,-2.9802322387700004e-08,3.100411569638,-5.960464477539e-08,0.49819906769379996,-515.75,-3.140407087223,-1.8972218840500002e-09,-5.921675232971001e-10,0.0,2292.0,,2.0,0.0,-1.862645149231e-09,,120288.0
I02,2023-12-11 09:36:00,-0.0001514996401966,2.455635694787e-11,0.0,199.0,807.5625,1.988654264004e-09,-2.7467355951,2.611428499222e-05,0.001731091411784,1.970306038857e-05,6493.41132164,120960.0,-2.2351741790770002e-08,3.100409920929,-4.4703483581540004e-08,0.49819861418910005,-520.25,-3.14029447179,-1.885792836555e-09,-5.950247851707e-10,0.0,2292.0,,2.0,0.0,-1.862645149231e-09,,121200.0
I02,2023-12-11 09:50:24,-0.0001514749601483,2.739852789091e-11,0.0,200.0,798.5625,2.000083311498e-09,-2.684023873876,2.5872141122820002e-05,0.0017317965393890001,1.9870698452e-05,6493.409399033,121824.0,-2.2351741790770002e-08,3.100408348292,-2.9802322387700004e-08,0.49819814605539997,-526.125,-3.140001403948,-1.875792419998e-09,-5.978820470442e-10,0.0,2292.0,,2.0,0.0,-1.862645149231e-09,,122112.0
I02,2023-12-11 10:05:36,-0.00015144748613240002,2.887645678129e-11,0.0,200.99999999999997,784.5,2.0200841446130003e-09,-2.617943527765,2.548098564148e-05,0.001732945209369,2.0060688257220003e-05,6493.406185149999,122736.0,-2.9802322387700004e-08,3.100406705435,-1.4901161193850002e-08,0.49819764281150003,-532.5625,-3.139576440875,-1.867220634377e-09,-6.007393089178e-10,0.0,2292.0,,2.0,0.0,-1.862645149231e-09,,123024.0
I02,2023-12-11 10:20:48,-0.00015142094343900003,2.8194335754959997e-11,0.0,202.0,766.4375,2.0472281324120003e-09,-2.552070819468,2.4970620870590003e-05,0.001734459656291,2.0217150449750002e-05,6493.401554108,123648.0,-3.725290298462e-08,3.100405052338,-7.450580596924e-09,0.4981971234756,-537.625,-3.138943717102,-1.8600774796930002e-09,-6.039537285256e-10,0.0,2292.0,,2.0,0.0,-1.862645149231e-09,,123888.0
I02,2023-12-11 10:36:00,-0.00015139719471340003,2.694378054002e-11,0.0,202.99999999999997,745.5625,2.080086643958e-09,-2.486225931484,2.4370849132540003e-05,0.001735686091706,2.0306557416920003e-05,6493.397748947,124560.0,-4.842877388e-08,3.100403390463,-3.725290298462e-09,0.49819659389930004,-540.125,-3.138283134981,-1.8572202178200001e-09,-6.064538326650001e-10,0.0,2292.0,,2.0,0.0,-1.862645149231e-09,,124800.0
I02,2023-12-11 10:50:24,-0.0001513725146651,2.84217094304e-11,0.0,204.0,724.625,2.114373786441e-09,-2.424116569705,2.3756176233290003e-05,0.001737164682709,2.0314007997510002e-05,6493.392412186,125424.0,-5.587935447693e-08,3.100401771013,-3.725290298462e-09,0.4981960643229,-539.625,-3.137387248338,-1.8572202178200001e-09,-6.082396213359e-10,0.0,2292.0,,2.0,0.0,-1.862645149231e-09,,125712.0
I02,2023-12-11 11:05:36,-0.0001513478346169,2.728484105319e-11,0.0,204.99999999999997,702.625,2.151518190797e-09,-2.358356962531,2.3100525140760005e-05,0.001738298335113,2.0228326320650003e-05,6493.388505936,126336.0,-6.332993507385e-08,3.100400084268,-1.117587089539e-08,0.49819552596910005,-535.9375,-3.136640904107,-1.8586488487560002e-09,-6.089539368043e-10,0.0,2292.0,,2.0,0.0,-1.862645149231e-09,,126624.0
I02,2023-12-11 11:20:48,-0.0001513208262622,2.8535396268130002e-11,0.0,206.0,682.1875,2.18580533328e-09,-2.292703700723,2.2478401660920003e-05,0.00173934281338,2.0053237676620002e-05,6493.384302139,127248.0,-6.705522537231e-08,3.100398122495,-2.2351741790770002e-08,0.4981948881368,-529.25,-3.135788002386,-1.8600774796930002e-09,-6.089539368043e-10,0.0,2292.0,,2.0,0.0,-1.862645149231e-09,,127536.0
I02,2023-12-11 11:36:00,-0.0001512970775366,2.68300937023e-11,0.0,206.99999999999997,664.0625,2.220092475763e-09,-2.227112277926,2.191215753555e-05,0.001740401610732,1.980736851692e-05,6493.379606247,128160.0,-6.705522537231e-08,3.100396561561,-3.3527612686160006e-08,0.49819441122550007,-520.375,-3.13487332456,-1.86579200344e-09,-6.078824636017e-10,0.0,2292.0,,2.0,0.0,-1.862645149231e-09,,128400.0
I02,2023-12-11 11:50:24,-0.00015126867219810003,3.1150193535719994e-11,0.0,208.0,649.625,2.2486650944990003e-09,-2.164979999536,2.145394682884e-05,0.0017412649467590002,1.9527971744540003e-05,6493.3752365109995,129024.0,-5.960464477539e-08,3.1003949465,-4.0978193283079996e-08,0.49819389920420004,-510.68749999999994,-3.13399957333,-1.8700778962510003e-09,-6.060966749308e-10,0.0,2292.0,,2.0,0.0,-1.862645149231e-09,,129312.0
I02,2023-12-11 12:05:36,-0.0001512411981821,3.046807250939e-11,0.0,209.0,637.625,2.2743804513610003e-09,-2.099183981793,2.105906605721e-05,0.0017417768249290001,1.9211322069170002e-05,6493.372165680001,129936.0,-5.2154064178470006e-08,3.100393059336,-4.842877388e-08,0.4981933008707,-500.06250000000006,-3.133288978428,-1.875792419998e-09,-6.035965707914001e-10,0.0,2292.0,,2.0,0.0,-1.862645149231e-09,,130224.0
I02,2023-12-11 12:20:48,-0.00015121512115,2.8990143619009997e-11,0.0,210.0,628.75,2.2958099154120004e-09,-2.03342493199,2.0761042833330002e-05,0.0017423159442839999,1.88983976841e-05,6493.368621826,130848.00000000001,-4.0978193283079996e-08,3.10039142233,-5.2154064178470006e-08,0.4981927859235,-489.8125,-3.132541379014,-1.8800783128080004e-09,-6.003821511836e-10,0.0,2292.0,,2.0,0.0,-1.862645149231e-09,,131136.0
I02,2023-12-11 12:36:00,-0.0001511927694082,2.501110429876e-11,0.0,211.0,622.6875,2.3129534866540002e-09,-1.967280094598,2.054870128632e-05,0.001742501859553,1.8611550331120002e-05,6493.367322922,131760.0,-2.9802322387700004e-08,3.100389384485,-5.2154064178470006e-08,0.4981921671092,-480.62500000000006,-3.13217902152,-1.8843642056190003e-09,-5.9752488931e-10,0.0,2292.0,,2.0,0.0,-1.862645149231e-09,,132000.0
I02,2023-12-11 12:50:24,-0.0001511694863439,2.6147972675969997e-11,0.0,212.0,619.0,2.3258111650850002e-09,-1.905012727427,2.042204141617e-05,0.001742991968058,1.8380582332610003e-05,6493.363462448,132624.0,-2.2351741790770002e-08,3.100388582806,-5.2154064178470006e-08,0.49819184819300005,-473.4375,-3.131440364923,-1.887221467492e-09,-5.946676274365e-10,0.0,2292.0,,2.0,0.0,-1.862645149231e-09,,132912.0
I02,2023-12-11 13:05:36,-0.000151140615344,2.68300937023e-11,0.0,213.0,616.875,2.3358115816420003e-09,-1.838279532178,2.03475356102e-05,0.001742940978147,1.819431781769e-05,6493.365262984999,133536.0,-1.4901161193850002e-08,3.100384821644,-4.842877388e-08,0.49819095873880004,-467.5625,-3.131664406438,-1.888650098429e-09,-5.921675232971001e-10,0.0,2292.0,,2.0,0.0,-1.862645149231e-09,,133824.0
I02,2023-12-11 13:20:48,-0.00015111034736040003,3.149125404889e-11,0.0,214.0,615.9375,2.34152610539e-09,-1.7721818066,2.0317733287810002e-05,0.001742794527672,1.8075108528140002e-05,6493.363582611,134448.0,-1.117587089539e-08,3.100383951208,-4.4703483581540004e-08,0.49819062958230004,-463.62500000000006,-3.131256340069,-1.890078729366e-09,-5.907388923603001e-10,0.0,2292.0,,2.0,0.0,-1.862645149231e-09,,134736.0
I02,2023-12-11 13:36:00,-0.0001510879956186,2.78532752418e-11,0.0,215.0,615.8125,2.3458119982e-09,-1.705892789853,2.0314007997510002e-05,0.001742840046063,1.802295446396e-05,6493.362363815,135360.0,-1.117587089539e-08,3.100382681395,-4.4703483581540004e-08,0.4981900619701001,-461.6875,-3.13103856277,-1.890078729366e-09,-5.900245768919001e-10,0.0,2292.0,,2.0,0.0,-1.862645149231e-09,,135648.0
I02,2023-12-11 13:50:24,-0.0001510647125542,2.84217094304e-11,0.0,216.0,616.0,2.3486692600730003e-09,-1.642798198099,2.0325183868410002e-05,0.001742803258821,1.8037855625150003e-05,6493.362970352,136224.0,-1.117587089539e-08,3.100380602588,-4.4703483581540004e-08,0.49818958798460006,-461.5,-3.131125986754,-1.890078729366e-09,-5.907388923603001e-10,0.0,2292.0,,2.0,0.0,-1.862645149231e-09,,136512.0
I02,2023-12-11 14:05:36,-0.000151043292135,2.739852789091e-11,0.0,217.0,616.3125,2.351526521947e-09,-1.576478640012,2.03363597393e-05,0.0017427548300469999,1.811981201172e-05,6493.361696243001,137136.0,-1.117587089539e-08,3.100379370811,-4.842877388e-08,0.4981890072061,-463.12499999999994,-3.130938841496,-1.890078729366e-09,-5.925246810313e-10,0.0,2292.0,,2.0,0.0,-1.862645149231e-09,,137424.0
I02,2023-12-11 14:20:48,-0.000151015818119,2.648903318914e-11,0.0,218.00000000000003,616.375,2.351526521947e-09,-1.509551015636,2.033263444901e-05,0.001742784283124,1.826509833336e-05,6493.36384964,138048.0,-1.117587089539e-08,3.100377248117,-5.587935447693e-08,0.49818851420270005,-466.5,-3.13135890233,-1.890078729366e-09,-5.953819429049e-10,0.0,2292.0,,2.0,0.0,-1.862645149231e-09,,138336.0
I02,2023-12-11 14:36:00,-0.0001509902067482,2.751221472863e-11,0.0,219.0,615.875,2.3529551528839998e-09,-1.442752406006,2.0299106836320003e-05,0.0017428087303410001,1.8473714590070003e-05,6493.365150452,138960.0,-3.725290298462e-09,3.100375596482,-6.705522537231e-08,0.4981879670714,-471.62499999999994,-3.13165043996,-1.8915073603020004e-09,-5.99310677981e-10,0.0,2292.0,,2.0,0.0,-1.862645149231e-09,,139248.0
I02,2023-12-11 14:50:24,-0.0001509659923613,2.7739588404069998e-11,0.0,220.00000000000003,614.5,2.351526521947e-09,-1.379426681972,2.0228326320650003e-05,0.0017428600694980002,1.871958374977e-05,6493.3664321900005,139824.0,3.725290298462e-09,3.100374050178,-7.450580596924e-08,0.4981874462725,-478.0,-3.131969557984,-1.8943646221760003e-09,-6.039537285256e-10,0.0,2292.0,,2.0,0.0,-1.862645149231e-09,,140160.0
I02,2023-12-11 15:05:36,-0.0001509389840066,3.035438567167e-11,0.0,221.0,611.875,2.351526521947e-09,-1.312519989029,2.01053917408e-05,0.001742966705933,1.9017606973650003e-05,6493.368038177,140736.0,1.117587089539e-08,3.100372648703,-8.195638656615999e-08,0.49818684793900003,-486.25,-3.13236949638,-1.898650514986e-09,-6.093110945385e-10,0.0,2292.0,,2.0,0.0,-1.862645149231e-09,,141024.0
I02,2023-12-11 15:20:48,-0.0001509105786681,2.8194335754959997e-11,0.0,222.00000000000003,607.375,2.3472406291370004e-09,-1.245445593008,1.991912722588e-05,0.001743183587678,1.9345432519910002e-05,6493.370573044001,141648.0,2.9802322387700004e-08,3.100370782019,-8.568167686462001e-08,0.4981863520098,-495.6875,-3.132936919878,-1.90150777686e-09,-6.146684605515001e-10,0.0,2292.0,,2.0,0.0,-1.862645149231e-09,,141936.0
I02,2023-12-11 15:36:00,-0.0001508831046522,3.069544618484e-11,0.0,223.0,601.0,2.342954736326e-09,-1.178438505848,1.966580748558e-05,0.001743294880725,1.968815922737e-05,6493.372419357,142560.0,4.4703483581540004e-08,3.100369240103,-8.568167686462001e-08,0.49818576537970005,-505.9375,-3.133437602128,-1.908650931544e-09,-6.203829842986e-10,0.0,2292.0,,2.0,0.0,-1.862645149231e-09,,142848.0
I02,2023-12-11 15:50:24,-0.00015085889026520002,2.751221472863e-11,0.0,224.00000000000003,592.875,2.3358115816420003e-09,-1.114744793549,1.9364058971410003e-05,0.0017438250361009999,2.0008534193040004e-05,6493.375707626,143424.0,6.332993507385e-08,3.100367613339,-8.568167686462001e-08,0.49818523287750005,-515.9375,-3.13412480497,-1.915794086228e-09,-6.257403503115e-10,0.0,2292.0,,2.0,0.0,-1.862645149231e-09,,143760.0
I02,2023-12-11 16:05:36,-0.0001508337445557,2.751221472863e-11,0.0,225.0,582.0625,2.328668426958e-09,-1.047516249851,1.898035407066e-05,0.001744363107719,2.0317733287810002e-05,6493.37899971,144336.0,7.82310962677e-08,3.100366043627,-7.82310962677e-08,0.4981846316181,-526.1875,-3.134846933518,-1.924365871849e-09,-6.307405585903e-10,0.0,2292.0,,2.0,0.0,-1.862645149231e-09,,144672.0
I02,2023-12-11 16:20:48,-0.0001508104614913,2.648903318914e-11,0.0,225.99999999999997,569.0625,2.317239379464e-09,-0.980288402501,1.854076981544e-05,0.001745005720295,2.05896794796e-05,6493.382371902,145248.0,9.313225746155001e-08,3.100364413937,-6.705522537231e-08,0.4981840288959,-535.375,-3.135568440326,-1.9343662884060002e-09,-6.353836091348e-10,0.0,2292.0,,2.0,0.0,-1.862645149231e-09,,145536.0
I02,2023-12-11 16:36:00,-0.00015078624710440001,2.68300937023e-11,0.0,227.0,554.375,2.304381701033e-09,-0.9129242755548002,1.8060207366940002e-05,0.00174590293318,2.0798295736310003e-05,6493.386741638,146160.0,1.0430812835689999e-07,3.100363013924,-5.2154064178470006e-08,0.49818334278730003,-542.875,-3.136426612941,-1.942938074027e-09,-6.39312344211e-10,0.0,2292.0,,2.0,0.0,-1.862645149231e-09,,146448.0
I02,2023-12-11 16:50:24,-0.0001507624983788,2.739852789091e-11,0.0,227.99999999999997,539.5,2.290095391665e-09,-0.8494192972432,1.759082078934e-05,0.0017465519486,2.0928680896760002e-05,6493.389060974,147024.0,1.080334186554e-07,3.100361191128,-3.725290298462e-08,0.49818284393230006,-547.9375,-3.136925494338,-1.951509859647e-09,-6.425267638188001e-10,0.0,2292.0,,2.0,0.0,-1.862645149231e-09,,147360.0
I02,2023-12-11 17:05:36,-0.0001507350243628,2.9103830456729997e-11,0.0,229.0,523.625,2.272951820424e-09,-0.7822794736744001,1.709908246994e-05,0.001747464644723,2.0995736122130003e-05,6493.392478943,147936.0,1.117587089539e-07,3.100359489754,-2.607703208923e-08,0.4981822309696,-550.875,-3.137559245079,-1.958653014331e-09,-6.446697102239e-10,0.0,2292.0,,2.0,0.0,-1.862645149231e-09,,148272.0
I02,2023-12-11 17:20:48,-0.0001507056877017,3.024069883395e-11,0.0,229.99999999999997,508.625,2.251522356372e-09,-0.7152024634191001,1.664832234383e-05,0.0017484441632400001,2.098456025124e-05,6493.395944595,148848.0,1.117587089539e-07,3.10035784836,-1.4901161193850002e-08,0.4981816575057,-551.25,-3.138130314169,-1.961510276205e-09,-6.460983411607e-10,0.0,2292.0,,2.0,0.0,-1.862645149231e-09,,149136.0
I02,2023-12-11 17:36:00,-0.00015068100765350002,2.8080648917239996e-11,0.0,231.0,495.3125,2.2343787851310003e-09,-0.6482564881991001,1.6260892152790002e-05,0.001749308314174,2.0917505025860002e-05,6493.398628235,149760.0,1.080334186554e-07,3.100356092859,-7.450580596924e-09,0.4981810460059,-549.5625,-3.138570361391,-1.967224799952e-09,-6.468126566291e-10,0.0,2292.0,,2.0,0.0,-1.862645149231e-09,,150048.0
I02,2023-12-11 17:50:24,-0.00015065539628270001,2.8990143619009997e-11,0.0,231.99999999999997,485.0625,2.2186638448260004e-09,-0.5848644193678,1.596659421921e-05,0.001750234048814,2.0824372768400002e-05,6493.401578903,150624.0,1.0430812835689999e-07,3.100354537777,-3.725290298462e-09,0.498180419877,-546.625,-3.138956912623,-1.970082061826e-09,-6.471698143633e-10,0.0,2292.0,,2.0,0.0,-1.862645149231e-09,,150960.0
I02,2023-12-11 18:05:36,-0.0001506288535893,2.864908310585e-11,0.0,233.0,477.3125,2.205806166395e-09,-0.5184839190392,1.5754252672200002e-05,0.001750054070726,2.071633934975e-05,6493.4000587460005,151536.0,1.0058283805849999e-07,3.100352523339,-3.725290298462e-09,0.4981799780757,-543.0,-3.138831141167,-1.9715106927620002e-09,-6.475269720975e-10,0.0,2292.0,,2.0,0.0,-1.862645149231e-09,,151872.0
I02,2023-12-11 18:20:48,-0.0001506037078798,2.830802259268e-11,0.0,234.0,473.00000000000006,2.197234380774e-09,-0.45158895430970003,1.563876867294e-05,0.0017510397592560001,2.0630657672880003e-05,6493.403524398999,152448.0,1.0058283805849999e-07,3.100350862927,3.725290298462e-09,0.49817928026380004,-539.9375,-3.139220606533,-1.975796585573e-09,-6.478841298317e-10,0.0,2292.0,,2.0,0.0,-1.862645149231e-09,,152784.0
I02,2023-12-11 18:36:00,-0.00015057995915410003,2.6716406864579996e-11,0.0,235.0,471.875,2.1986630117110002e-09,-0.3850752070137,1.561641693115e-05,0.001751091680489,2.0597130060200002e-05,6493.403560638,153360.0,9.685754776001e-08,3.100349082555,7.450580596924e-09,0.49817867168990004,-538.5,-3.139228544327,-1.98151110932e-09,-6.493127607685001e-10,0.0,2292.0,,2.0,0.0,-1.862645149231e-09,,153648.0
I02,2023-12-11 18:50:24,-0.0001505580730736,2.580691216281e-11,0.0,236.0,473.18749999999994,2.2072347973320004e-09,-0.3220547266892,1.566484570503e-05,0.0017510835314169999,2.063810825348e-05,6493.403633118,154224.0,8.940696716309e-08,3.100347442624,1.862645149231e-08,0.4981780309318,-539.5,-3.139243640178,-1.991511525877e-09,-6.510985494395e-10,0.0,2292.0,,2.0,0.0,-1.862645149231e-09,,154560.0
I02,2023-12-11 19:05:36,-0.00015053339302540002,2.796696207952e-11,0.0,237.0,476.375,2.2272356304469997e-09,-0.255652380605,1.5765428543090004e-05,0.001750545226969,2.077594399452e-05,6493.402238846001,155136.0,7.82310962677e-08,3.100345678345,2.9802322387700004e-08,0.4981773521378,-543.75,-3.139140138724,-2.0057978352450004e-09,-6.528843381104e-10,0.0,2292.0,,2.0,0.0,-1.862645149231e-09,,155472.0
I02,2023-12-11 19:20:48,-0.0001505082473159,2.6716406864579996e-11,0.0,238.0,480.5,2.2572368801190004e-09,-0.18920594509560001,1.5892088413240003e-05,0.001749851042405,2.0999461412430003e-05,6493.400680542,156048.0,5.2154064178470006e-08,3.100344039877,5.587935447693e-08,0.4981766660292,-551.1875,-3.139080975391,-2.0257986683600005e-09,-6.560987577182e-10,0.0,2292.0,,2.0,0.0,-1.862645149231e-09,,156384.0
I02,2023-12-11 19:36:00,-0.0001504817046225,2.569322532509e-11,0.0,239.0,483.875,2.2886667607290002e-09,-0.122816070388,1.59926712513e-05,0.001748821232468,2.1342188119890003e-05,6493.398077011,156960.0,3.725290298462e-08,3.10034220684,6.332993507385e-08,0.4981760047902,-562.375,-3.138964786049,-2.041513608665e-09,-6.571702309208e-10,0.0,2292.0,,2.0,0.0,-1.862645149231e-09,,157248.0
I02,2023-12-11 19:50:24,-0.00015045562759040003,2.9785951483059994e-11,0.0,240.0,485.75,2.3215252722750004e-09,-0.05985699166111,1.6048550605770002e-05,0.001747617730871,2.1748244762420004e-05,6493.395242691,157824.0,2.2351741790770002e-08,3.100340451339,6.705522537231e-08,0.4981753654950001,-575.875,-3.138918095555,-2.054371287096e-09,-6.57527388655e-10,0.0,2292.0,,2.0,0.0,-1.862645149231e-09,,158160.0
I02,2023-12-11 20:05:36,-0.0001504314132035,2.796696207952e-11,0.0,241.0,485.4375,2.357241045694e-09,0.006663073978062001,1.604110002518e-05,0.0017459588125350001,2.2251158952710004e-05,6493.391180038,158736.0,7.450580596924e-09,3.100338578803,6.705522537231e-08,0.4981746896269,-592.625,-3.138931997666,-2.062943072717e-09,-6.571702309208e-10,0.0,2292.0,,2.0,0.0,-1.862645149231e-09,,159072.0
I02,2023-12-11 20:20:48,-0.00015040719881650002,2.6147972675969997e-11,0.0,242.0,482.25,2.391528188177e-09,0.07320661067489,1.595169305801e-05,0.001744360546581,2.2795051336290004e-05,6493.3873710630005,159648.0,3.725290298462e-09,3.100336690176,6.332993507385e-08,0.4981740781271,-610.8125,-3.138969053381,-2.068657596464e-09,-6.568130731866e-10,0.0,2292.0,,2.0,0.0,-1.862645149231e-09,,159984.0
I02,2023-12-11 20:36:00,-0.0001503834500909,2.648903318914e-11,0.0,243.00000000000003,475.8125,2.4243866997230003e-09,0.1399092689712,1.5765428543090004e-05,0.0017426331760360002,2.3353844881060003e-05,6493.383195877,160560.0,3.725290298462e-09,3.100334798623,5.960464477539e-08,0.49817348125649996,-629.375,-3.139165381376,-2.0700862274010004e-09,-6.564559154524e-10,0.0,2292.0,,2.0,0.0,-1.862645149231e-09,,160896.0
I02,2023-12-11 20:50:24,-0.0001503615640104,2.592059900053e-11,0.0,244.0,466.93749999999994,2.454387949395e-09,0.2031705280566,1.55083835125e-05,0.001740851672366,2.3864209651950003e-05,6493.378686905,161424.0,3.725290298462e-09,3.100333008011,5.587935447693e-08,0.49817292095890003,-646.1875,-3.139420457235,-2.0700862274010004e-09,-6.560987577182e-10,0.0,2292.0,,2.0,0.0,-1.862645149231e-09,,161808.0
I02,2023-12-11 21:05:36,-0.0001503354869783,2.78532752418e-11,0.0,245.00000000000003,455.12499999999994,2.4843891990680004e-09,0.2700124766349,1.516193151474e-05,0.0017390550347050001,2.435222268105e-05,6493.374052048,162336.0,7.450580596924e-09,3.10033113255,5.2154064178470006e-08,0.49817234310630004,-662.0625,-3.139755712708,-2.068657596464e-09,-6.55741599984e-10,0.0,2292.0,,2.0,0.0,-1.862645149231e-09,,162672.0
I02,2023-12-11 21:20:48,-0.0001503084786236,2.8535396268130002e-11,0.0,246.0,441.8125,2.507247294057e-09,0.33688107226600006,1.4767050743100002e-05,0.001737774466164,2.4754554033280002e-05,6493.370916367,163248.0,1.4901161193850002e-08,3.100329374123,5.587935447693e-08,0.49817171405150007,-674.9375,-3.140117724953,-2.062943072717e-09,-6.550272845156e-10,0.0,2292.0,,2.0,0.0,-1.862645149231e-09,,163584.0
I02,2023-12-11 21:36:00,-0.00015028426423670003,2.7625901566349997e-11,0.0,247.00000000000003,427.9375,2.5258194962350003e-09,0.4038081217148,1.434981822968e-05,0.001736394595355,2.5067478418350003e-05,6493.367136002,164160.0,2.607703208923e-08,3.100327473792,5.960464477539e-08,0.49817106890460006,-684.5625,-3.14053784723,-2.057228548969e-09,-6.553844422498e-10,0.0,2292.0,,2.0,0.0,-1.862645149231e-09,,164496.0
I02,2023-12-11 21:50:24,-0.0001502600498497,2.7739588404069998e-11,0.0,248.0,415.56249999999994,2.5372485437290003e-09,0.46717937468470006,1.3966113328930002e-05,0.001735269324854,2.5272369384770002e-05,6493.363945007,165024.0,3.3527612686160006e-08,3.100325788511,6.705522537231e-08,0.49817058906750006,-690.4375,-3.140902371305,-2.048656763349e-09,-6.564559154524e-10,0.0,2292.0,,2.0,0.0,-1.862645149231e-09,,165408.0
I02,2023-12-11 22:05:36,-0.00015023443847889998,2.8194335754959997e-11,0.0,249.00000000000003,404.3125,2.541534436539e-09,0.5340504923866,1.3608485460280002e-05,0.001734596677125,2.5395303964610003e-05,6493.361942291,165936.0,3.725290298462e-08,3.100323999362,8.568167686462001e-08,0.4981700390103,-693.5625,-3.141266541354,-2.037227715854e-09,-6.589560195918e-10,0.0,2292.0,,2.0,0.0,-1.862645149231e-09,,166320.0
I02,2023-12-11 22:20:48,-0.0001502120867372,2.592059900053e-11,0.0,250.0,395.9375,2.535819912792e-09,0.6008864517783,1.3325363397600001e-05,0.001733917859383,2.5440007448200003e-05,6493.359672546,166848.0,4.0978193283079996e-08,3.100322226305,1.0430812835689999e-07,0.4981694713981,-694.1875,3.141590029115,-2.0229414064870003e-09,-6.628847546679001e-10,0.0,2292.0,,2.0,0.0,-1.862645149231e-09,,167184.0
I02,2023-12-11 22:36:00,-0.00015018600970510002,3.1036506698e-11,0.0,250.99999999999997,391.0,2.524390865298e-09,0.6676779808850001,1.313909888268e-05,0.001733703189529,2.5428831577300002e-05,6493.358474731,167760.0,3.3527612686160006e-08,3.100320620021,1.303851604462e-07,0.4981690018014,-693.1875,3.141305323313,-2.0057978352450004e-09,-6.682421206809e-10,0.0,2292.0,,2.0,0.0,-1.862645149231e-09,,168096.0
I02,2023-12-11 22:50:24,-0.0001501603983343,2.887645678129e-11,0.0,252.0,389.6875,2.504390032183e-09,0.730637416564,1.305714249611e-05,0.001733692362905,2.5399029254910003e-05,6493.358617782999,168624.0,2.2351741790770002e-08,3.100319013737,1.527369022369e-07,0.4981684532071,-691.75,3.141353056867,-1.988654264004e-09,-6.750281176306001e-10,0.0,2292.0,,2.0,0.0,-1.862645149231e-09,,169008.0
I02,2023-12-11 23:05:36,-0.0001501375809312,2.603428583825e-11,0.0,252.99999999999997,391.8125,2.478674675321e-09,0.7970764540966,1.3072043657300002e-05,0.0017337948083879999,2.5372952222820004e-05,6493.359033585,169536.0,3.725290298462e-09,3.100317452803,1.788139343262e-07,0.4981679426487,-690.75,3.141421340031,-1.968653430889e-09,-6.839570609855001e-10,0.0,2292.0,,2.0,0.0,-1.862645149231e-09,,169920.0
I02,2023-12-11 23:20:48,-0.0001501305960119,2.705746737774e-11,0.0,254.0,397.3125,2.4472447947120004e-09,0.8634615304329,1.319497823715e-05,0.001734206918627,2.5384128093720004e-05,6493.359855652,170448.0,-2.9802322387700004e-08,3.100316305876,1.974403858185e-07,0.49816702686200004,-691.3125,3.141543461506,-1.950081228711e-09,-6.961004239482001e-10,0.0,2292.0,,2.0,0.0,-1.862645149231e-09,,170844.0
I02,2023-12-11 23:36:00,-0.000150107312948,2.6261659513699998e-11,0.0,254.99999999999997,404.8125,2.41295765223e-09,0.929594810772,1.3381242752100002e-05,0.00173468119465,2.5436282157900002e-05,6493.36183357,171360.0,-6.70552253723e-08,3.10031484003,2.08616256714e-07,0.49816648265600005,-693.625,-3.14126798233,-1.9300803956000002e-09,-7.082437869109999e-10,0.0,2292.0,,2.0,0.0,-1.8626451492300002e-09,,171708.0
I02,2023-12-11 23:50:24,-0.00015007983893200002,3.05817593471e-11,0.0,160.0,413.3125,2.3786705097500004e-09,0.9922404929480001,1.3604760170000002e-05,0.00173505488783,2.5551766157200003e-05,6493.36346054,172224.0,-1.04308128357e-07,3.10031345904,2.16066837311e-07,0.49816594284000004,-698.0,-3.14090695316,-1.91436545529e-09,-7.20744307608e-10,0.0,2292.0,,2.0,0.0,-1.8626451492300002e-09,,172620.0
I03,2023-12-11 00:00:00,-0.0001642205752432,3.6038727557749994e-11,0.0,0.0,820.6875,1.3394843663289999e-08,0.8247095634351,2.6658177375790005e-05,0.0018129078671340001,-1.285225152969e-06,6493.368148803999,86400.0,-3.315508365631e-07,0.5435631830284,-1.7508864402769998e-07,0.07299991644239,30.6875,0.09720986915838,-1.2413374209720001e-08,6.35740766869e-10,0.0,2292.0,,2.0,0.0,-1.396983861923e-09,,86400.0
I03,2023-12-11 02:00:00,-0.0001639616675675,3.592504072003e-11,0.0,1.0,830.5624999999999,1.443488698527e-08,1.349324446334,2.7175992727280002e-05,0.001813445822336,-8.679926395416e-07,6493.370695114,93600.0,1.4901161193850002e-08,0.5434503774153,-1.899898052216e-07,0.07300463581612,22.125,0.09775331981814,-1.3436273960459999e-08,7.625317625086e-10,0.0,2292.0,,2.0,0.0,-1.396983861923e-09,,93600.0
I03,2023-12-11 04:00:00,-0.00016370275989170002,3.592504072003e-11,0.0,2.0,854.3749999999999,1.471918454169e-08,1.877970464368,2.7835369110110004e-05,0.001813951646909,-2.648681402206e-06,6493.355291367,100800.0,8.195638656615999e-08,0.5433575450227001,-2.2724270820619997e-07,0.0730100237434,86.4375,0.09424751417584,-1.358628020882e-08,7.318161973678e-10,0.0,2292.0,,2.0,0.0,-1.396983861923e-09,,100800.0
I03,2023-12-11 06:00:00,-0.0001634429208934,3.592504072003e-11,0.0,3.0,849.1875,1.3907722169600001e-08,2.40303052933,2.7414411306380002e-05,0.001813624985516,-2.745538949966e-06,6493.35597229,108000.0,5.587935447693e-08,0.5432521988289001,-4.1723251342769996e-07,0.07301588273031,89.8125,0.09434304418933,-1.274053069424e-08,7.725321790661e-10,0.0,2292.0,,2.0,0.0,-1.396983861923e-09,,108000.0
I03,2023-12-11 08:00:00,-0.0001631826162338,3.6038727557749994e-11,0.0,4.0,788.625,1.495919453907e-08,2.926116067428,2.5689601898190005e-05,0.001807427848689,-4.153698682785e-06,6493.373476028,115199.99999999999,1.192092895508e-07,0.5431626067999,-1.4528632163999998e-07,0.07302021150491,138.0,0.09639388710089,-1.393486615739e-08,7.125296797212001e-10,0.0,2292.0,,2.0,0.0,-1.396983861923e-09,,115199.99999999999
I03,2023-12-11 10:00:00,-0.0001629223115742,3.6038727557749994e-11,0.0,5.0,746.4375,1.345627479357e-08,-2.832657902886,2.44714319706e-05,0.0018148818053310002,-2.0787119865419996e-06,6493.3551483149995,122400.0,2.682209014893e-07,0.5430713763027,1.229345798492e-07,0.07302658397606,69.1875,0.09711993626946001,-1.229479784197e-08,6.689564361493e-10,0.0,2292.0,,2.0,0.0,-1.396983861923e-09,,122400.0
I03,2023-12-11 12:00:00,-0.0001626615412533,3.6152414395469994e-11,0.0,6.0,683.75,1.364628270816e-08,-2.309357192945,2.246722579002e-05,0.001819709083065,-1.687556505203e-06,6493.340995789,129600.0,1.1548399925229999e-07,0.5429816335931,8.568167686462001e-08,0.07303133553398,58.8125,0.09896086945458,-1.240051653129e-08,6.478841298317e-10,0.0,2292.0,,2.0,0.0,-1.396983861923e-09,,129600.0
I03,2023-12-11 14:00:00,-0.00016239983961000002,3.61524143955e-11,0.0,7.0,713.6875,1.3539135387900002e-08,-1.78122300752,2.33948230743e-05,0.00181773502845,-3.35276126862e-08,6493.3549881,136800.0,1.1548399925199999e-07,0.542890982411,1.19209289551e-07,0.0730360022427,4.0625,0.0959705698109,-1.2391944745700002e-08,6.60384650529e-10,0.0,2292.0,,2.0,0.0,-1.39698386192e-09,,136812.0
I03,2023-12-11 16:00:00,-0.000162139069289,3.61524143955e-11,0.0,8.0,685.6875,1.3513420031000001e-08,-1.25157714496,2.2474676370600002e-05,0.00181828974746,2.69711017609e-06,6493.3748455,144000.0,1.34110450745e-07,0.5428024714790001,1.75088644028e-07,0.07304076696680001,-80.1875,0.09146054551600001,-1.24805198637e-08,6.63956227871e-10,0.0,2292.0,,2.0,0.0,-1.39698386192e-09,,144012.0
I03,2023-12-11 18:00:00,-0.0001618769019842,3.62661012332e-11,0.0,9.0,653.1875,1.14690491605e-08,-0.7248053444233,2.170726656914e-05,0.001819927827455,3.136694431305e-06,6493.383209229,151200.0,-2.197921276093e-07,0.5426932339229,-8.940696716309e-08,0.07304733108026,-94.8125,0.08984101766757001,-1.0520438218479999e-08,8.21462788651e-10,0.0,2292.0,,2.0,0.0,-1.396983861923e-09,,151200.0
I03,2023-12-11 20:00:00,-0.00016161566600199999,3.6152414395469994e-11,0.0,10.0,719.4375,1.084330881019e-08,-0.20194301397710002,2.3752450942990003e-05,0.001811683643609,5.4985284805299995e-06,6493.360843658001,158400.0,1.117587089539e-08,0.5426162112861,-8.940696716309e-08,0.07305376499397,-167.25,0.09210087938845,-9.750406143553002e-09,8.114623720935001e-10,0.0,2292.0,,2.0,0.0,-1.396983861923e-09,,158400.0
I03,2023-12-11 22:00:00,-0.0001613539643586,3.62661012332e-11,0.0,11.0,697.8125,1.2101932665499999e-08,0.3233351091651,2.3074448108670002e-05,0.001803332706913,8.102506399155e-06,6493.340475082,165600.0,-1.527369022369e-07,0.5425396875043,-1.303851604462e-07,0.07305871112000001,-252.81250000000003,0.09195093467408,-1.087045279799e-08,8.196769999800001e-10,0.0,2292.0,,2.0,0.0,-1.396983861923e-09,,165600.0
I06,2023-12-11 00:00:00,0.0005540493875742001,2.933120413218e-11,0.0,0.0,627.5,1.89065018174e-08,2.927767001202,2.0492821931840002e-05,0.0021849391050640004,-1.2557953596120001e-05,6493.555593491,86400.0,-1.3783574104309998e-07,0.8151514872228001,2.160668373108e-07,0.05436882669129,382.75,3.124132623909,-1.768645099739e-08,4.050168705784e-10,0.0,2292.0,,2.0,0.0,-1.862645149231e-09,,86400.0
I06,2023-12-11 02:00:00,0.0005542547442019,2.921751729446e-11,0.0,1.0,646.0,2.113088018598e-08,-2.829876569387,2.0992010831830002e-05,0.0021831522462890003,-1.2915581464770002e-05,6493.560112,93600.0,-3.7625432014469996e-07,0.8150127718676,-5.587935447693e-08,0.05437046662246,399.0,3.123732208602,-1.995797418688e-08,4.453756945425e-10,0.0,2292.0,,2.0,0.0,-1.862645149231e-09,,93600.0
I06,2023-12-11 04:00:00,0.0005544610321522,2.9103830456729997e-11,0.0,2.0,713.5,2.2176638031699997e-08,-2.302895466234,2.297013998032e-05,0.002177763846703,-1.3642013072970001e-05,6493.57641983,100800.0,-1.415610313416e-07,0.8148523409565,-2.384185791016e-07,0.05437314522546,422.875,3.121910754171,-2.111945113848e-08,5.150214527108e-10,0.0,2292.0,,2.0,0.0,-1.862645149231e-09,,100800.0
I06,2023-12-11 06:00:00,0.0005546719767153001,2.887645678129e-11,0.0,3.0,687.125,2.210234922299e-08,-1.779496973386,2.2135674953460002e-05,0.0021789876045660004,-1.470744609833e-05,6493.566778183,108000.0,-1.676380634308e-07,0.8147068332726001,-2.831220626831e-07,0.05437689175866,457.3125,3.123654104869,-2.098087393761e-08,4.853773607725001e-10,0.0,2292.0,,2.0,0.0,-1.862645149231e-09,,108000.0
I06,2023-12-11 08:00:00,0.0005548819899559,2.8990143619009997e-11,0.0,4.0,688.8125,2.2180923924510003e-08,-1.256810634911,2.2232532501220002e-05,0.0021788206649939997,-1.6767531633380003e-05,6493.553850174,115199.99999999999,-1.564621925354e-07,0.8145389224613,-1.117587089539e-07,0.05438071582652,515.6875,3.126136245288,-2.1008017925410002e-08,5.743096365873e-10,0.0,2292.0,,2.0,0.0,-1.862645149231e-09,,115199.99999999999
I06,2023-12-11 10:00:00,0.0005550892092288,2.8990143619009997e-11,0.0,5.0,654.0,2.339240295891e-08,-0.7305429969053,2.133101224899e-05,0.002180842449889,-1.6640871763230004e-05,6493.561393738,122400.0,5.960464477539e-08,0.8144039580281,-4.0978193283079996e-08,0.0543839342463,508.625,3.125004994144,-2.2302357554140003e-08,4.778770483544001e-10,0.0,2292.0,,2.0,0.0,-1.862645149231e-09,,122400.0
I06,2023-12-11 12:00:00,0.0005553010851145001,2.887645678129e-11,0.0,6.0,624.0625,2.123945613717e-08,-0.2046149563142,2.060458064079e-05,0.0021830683108420004,-1.672655344009e-05,6493.568189621,129600.0,5.960464477539e-08,0.8142370273719,-3.091990947723e-07,0.054388840873530006,514.9375,3.124241821967,-2.0216556386439998e-08,5.414511250413e-10,0.0,2292.0,,2.0,0.0,-1.862645149231e-09,,129600.0
I06,2023-12-11 14:00:00,0.0005555152893066001,2.921751729446e-11,0.0,7.0,600.5,2.238807541035e-08,0.32112889996480004,1.9926577806470003e-05,0.002172475797124,-1.343712210655e-05,6493.542161942,136800.0,2.9802322387700004e-08,0.8140882047157,-4.3585896491999995e-07,0.05439218949302,405.31249999999994,3.123647210136,-2.117659637595e-08,5.607376426879e-10,0.0,2292.0,,2.0,0.0,-1.862645149231e-09,,136800.0
I06,2023-12-11 16:00:00,0.0005557280965149,2.933120413218e-11,0.0,8.0,593.1875,1.803360831503e-08,0.8463214511768999,1.958757638931e-05,0.002171507920139,-1.2885779142380001e-05,6493.540361404001,144000.0,-3.725290298462e-08,0.8139869649329001,1.341104507446e-07,0.0543981596617,389.9375,3.123561930789,-1.681070023314e-08,4.0858844792030003e-10,0.0,2292.0,,2.0,0.0,-1.862645149231e-09,,144000.0
I06,2023-12-11 18:00:00,0.0005559423007071,2.921751729446e-11,0.0,9.0,655.3125,1.859506027318e-08,1.36761751277,2.1703541278840002e-05,0.0021744231926280003,-1.0594725608830002e-05,6493.561672211001,151200.0,2.2351741790770002e-08,0.8138602674498,-1.266598701477e-07,0.054401183513370005,317.4375,3.12739679791,-1.749501445186e-08,3.9573076948930004e-10,0.0,2292.0,,2.0,0.0,-1.862645149231e-09,,151200.0
I06,2023-12-11 20:00:00,0.0005561546422541001,2.94448909699e-11,0.0,10.0,648.4375,1.835790753768e-08,1.889638510252,2.143904566765e-05,0.002174026565626,-7.983297109604e-06,6493.577980042,158400.0,-4.0978193283079996e-08,0.8137021084503999,2.495944499969e-07,0.054404738404300004,244.49999999999997,3.130531402719,-1.7315006953830003e-08,5.846672108790001e-10,0.0,2292.0,,2.8,0.0,-1.862645149231e-09,,158400.0
I06,2023-12-11 22:00:00,0.0005563697777689,2.955857780762e-11,0.0,11.0,658.25,1.995654555594e-08,2.414940256595,2.184510231018e-05,0.002174549154006,-7.897615432739e-06,6493.576637268,165600.0,1.117587089539e-07,0.8135961112580001,4.470348358154e-07,0.054407997785779996,242.49999999999997,3.130330918573,-1.89179308649e-08,4.975207237351001e-10,0.0,2292.0,,2.0,0.0,-1.862645149231e-09,,165600.0
I09,2023-12-11 00:00:00,0.0007345182821155001,-1.818989403546e-11,0.0,0.0,206.37500000000003,3.3944271058000003e-09,-2.322403979139,6.981194019318e-06,0.002245635609142,2.0388513803480002e-05,6493.392786026,86400.0,2.2351741790770002e-08,0.1778598157981,-1.564621925354e-07,0.5006291282298,-544.0,3.121142074107,-2.871548182937e-09,1.05290100041e-09,0.0,2292.0,,2.0,0.0,-1.862645149231e-09,,86400.0
I09,2023-12-11 02:00:00,0.0007343874312937001,-1.818989403546e-11,0.0,1.0,228.375,3.4172852007880004e-09,-1.796119333248,7.636845111847e-06,0.002244578907266,2.1081417799e-05,6493.399951935,93600.0,2.2724270820619997e-07,0.17783718006670002,-1.192092895508e-07,0.5006366461658,-566.625,3.119915790341,-2.9558374082070002e-09,1.1343329638070002e-09,0.0,2292.0,,2.0,0.0,-1.862645149231e-09,,93600.0
I09,2023-12-11 04:00:00,0.0007342537865043001,-1.830358087318e-11,0.0,2.0,228.0625,3.388712582052e-09,-1.269705834996,7.614493370055999e-06,0.00224466540385,2.22772359848e-05,6493.40728569,100800.0,2.123415470123e-07,0.1778144858185,5.960464477539e-08,0.5006450784256,-599.6875,3.11855820529,-2.9529801463330003e-09,1.210764718925e-09,0.0,2292.0,,2.0,0.0,-1.862645149231e-09,,100800.0
I09,2023-12-11 06:00:00,0.0007341215386987,-1.84172677109e-11,0.0,3.0,250.375,3.3944271058000003e-09,-0.7454378787312,8.311122655869e-06,0.002243391238153,2.2042542696e-05,6493.402069092001,108000.0,1.4528632163999998e-07,0.1777927600221,5.587935447693e-08,0.5006540227068,-591.0625,3.119344861691,-2.91869300385e-09,1.2371943912550001e-09,0.0,2292.0,,2.8,0.0,-1.862645149231e-09,,108000.0
I09,2023-12-11 08:00:00,0.0007339869625866,-1.8530954548619997e-11,0.0,4.0,290.1875,3.528718413857e-09,-0.2213476889569,9.454786777496e-06,0.002240103553049,2.250075340271e-05,6493.392513275,115199.99999999999,1.3783574104309998e-07,0.1777719807337,1.3783574104309998e-07,0.5006625178721,-605.875,3.120311417518,-2.985838657879e-09,1.219336504545e-09,0.0,2292.0,,2.0,0.0,-1.862645149231e-09,,115199.99999999999
I09,2023-12-11 10:00:00,0.000733852852136,-1.85309545486e-11,0.0,5.0,298.0,3.4572868670200004e-09,0.30351089707600004,9.670853614809999e-06,0.00224376702681,2.1398067474400003e-05,6493.40146828,122400.0,1.30385160446e-07,0.177750525577,1.60187482834e-07,0.5006712427150001,-567.25,3.12051009057,-2.9901245506900004e-09,1.21612208494e-09,0.0,2292.0,,2.0,0.0,-1.8626451492300002e-09,,122412.00000000001
I09,2023-12-11 12:00:00,0.000733719207346,-1.84172677109e-11,0.0,6.0,276.125,3.4501437123300003e-09,0.8292237497320001,9.02265310287e-06,0.0022425296483600003,2.13421881199e-05,6493.39690208,129600.0,1.04308128357e-07,0.17772953124000002,2.27242708206e-07,0.5006801474979999,-564.5625,3.11985218705,-2.9429797297800005e-09,1.1989785137e-09,0.0,2292.0,,2.0,0.0,-1.8626451492300002e-09,,129612.0
I09,2023-12-11 14:00:00,0.000733587890863,-1.83035808732e-11,0.0,7.0,249.00000000000003,3.3901412129900005e-09,1.35574713654,8.0019235611e-06,0.0022412752732599997,2.0422041416200004e-05,6493.388420099999,136800.0,-1.34110450745e-07,0.17771068446600002,2.0116567611699998e-07,0.500689123963,-536.9375,3.11838411804,-2.8329751476400003e-09,1.10576034507e-09,0.0,2292.0,,2.0,0.0,-1.8626451492300002e-09,,136812.0
I09,2023-12-11 16:00:00,0.000733453314751,-1.85309545486e-11,0.0,8.0,244.31250000000003,3.34585365395e-09,1.87985945295,7.82310962677e-06,0.00224099541083,2.10516154766e-05,6493.393571850001,144000.0,-1.41561031342e-07,0.177691369559,4.842877388e-08,0.500696576068,-559.9375,3.11932825611,-2.83726104045e-09,1.04218626838e-09,0.0,2292.0,,2.0,0.0,-1.8626451492300002e-09,,144012.0
I09,2023-12-11 18:00:00,0.000733321066946,-1.85309545486e-11,0.0,9.0,170.375,3.17870383435e-09,2.40185819067,5.44637441635e-06,0.002236948465,2.23554670811e-05,6493.41272545,151200.0,-1.9744038581799999e-07,0.177670383999,-2.60770320892e-08,0.500704284183,-604.5,3.12238337911,-2.7858303267300005e-09,1.0625442592300002e-09,0.0,2292.0,,2.0,0.0,-1.8626451492300002e-09,,151212.0
I09,2023-12-11 20:00:00,0.000733189284801,-1.85309545486e-11,0.0,10.0,108.625,2.9429797297800005e-09,2.92541924297,3.69921326637e-06,0.0022317307302699998,2.1595507860200003e-05,6493.42765045,158400.0,-1.34110450745e-07,0.177649938256,-1.7881393432599998e-07,0.50071263452,-578.5625,3.12387035049,-2.65868217336e-09,1.0879024583600002e-09,0.0,2292.0,,2.0,0.0,-1.8626451492300002e-09,,158412.0
I09,2023-12-11 22:00:00,0.0007330551743507,-1.8530954548619997e-11,0.0,11.0,86.0,2.831546516707e-09,-2.833243991756,3.047287464142e-06,0.002238267334178,2.3722648620610002e-05,6493.4116001130005,165600.0,1.229345798492e-07,0.1776318024604,-1.0430812835689999e-07,0.5007217572768,-646.0625,3.124394025426,-2.4129576522290003e-09,1.0768305686010001e-09,0.0,2292.0,,2.0,0.0,-1.862645149231e-09,,165600.0
I10,2023-12-11 00:00:00,-0.000817107502371,-9.64064383879e-11,0.0,0.0,831.8125,-1.66721230323e-09,-0.904437858519,2.71499156952e-05,0.000775866908953,1.25356018543e-05,6493.52388,86400.0,-2.16066837311e-07,-2.93179377538,1.4528632163999998e-07,0.0786312703709,-385.375,-0.16931382581200002,2.6958265777100004e-09,-7.325305128360001e-10,0.0,2292.0,,2.0,0.0,-3.25962901115e-09,,86412.0
I10,2023-12-11 02:00:00,-0.000817799475044,-9.64064383879e-11,0.0,1.0,869.75,-1.5429214117300002e-09,-0.38306193769,2.80886888504e-05,0.000773339765146,1.20364129543e-05,6493.51452255,93600.0,-1.8998980522199998e-07,-2.93177044769,1.37835741043e-07,0.0786262101373,-367.5,-0.16570142757,2.66296806617e-09,-7.3967366752e-10,0.0,2292.0,,2.0,0.0,-3.25962901115e-09,,93612.0
I10,2023-12-11 04:00:00,-0.0008184951730070001,-9.64064383879e-11,0.0,2.0,816.75,-2.65868217336e-09,0.143280129198,2.6542693376500002e-05,0.000782730639912,9.52929258347e-06,6493.53748512,100800.0,-1.04308128357e-07,-2.9317521144,-2.23517417908e-08,0.0786217570146,-282.5625,-0.16705369637700002,3.60586448444e-09,-7.12172521987e-10,0.0,2292.0,,2.0,0.0,-3.25962901115e-09,,100811.99999999999
I10,2023-12-11 06:00:00,-0.000819189008325,-9.66338120634e-11,0.0,3.0,766.5625,-1.8386480156400002e-09,0.672573647941,2.51606106758e-05,0.0007780650630590001,1.0613352060300002e-05,6493.52365303,108000.0,-1.26659870148e-07,-2.93173123417,-1.67638063431e-07,0.0786160677262,-321.1875,-0.17136319556500001,2.90440669448e-09,-6.84671376454e-10,0.0,2292.0,,2.0,0.0,-3.25962901115e-09,,108012.0
I10,2023-12-11 08:00:00,-0.0008198809809980001,-9.64064383879e-11,0.0,4.0,673.6875,-1.80864676597e-09,1.20712133205,2.22250819206e-05,0.0007735847029830001,1.0333955287900002e-05,6493.50272179,115199.99999999999,-1.86264514923e-08,-2.93170954056,-9.31322574615e-08,0.07861116841360001,-308.8125,-0.18092199738500003,3.00726812193e-09,-6.68242120681e-10,0.0,2292.0,,2.0,0.0,-3.25962901115e-09,,115212.0
I10,2023-12-11 10:00:00,-0.00082057248801,-9.5951691037e-11,0.0,5.0,678.6875,-1.8915073603000003e-09,1.72987616143,2.2370368242300003e-05,0.000773506821133,1.1000782251400001e-05,6493.506895070001,122400.0,-4.842877388e-08,-2.93168632697,-8.94069671631e-08,0.0786063422468,-327.125,-0.178685634517,3.0744137759600005e-09,-6.76456748567e-10,0.0,2292.0,,2.0,0.0,-3.25962901115e-09,,122412.00000000001
I10,2023-12-11 12:00:00,-0.000821264926344,-9.5951691037e-11,0.0,6.0,640.4375,-2.0843725367700004e-09,2.24372344208,2.0913779735600005e-05,0.000770189682953,1.40555202961e-05,6493.529085159999,129600.0,-6.33299350739e-08,-2.93166351423,-1.67638063431e-07,0.078601374177,-420.0,-0.16754599756900002,3.1601316321700003e-09,-6.878857960620001e-10,0.0,2292.0,,2.0,0.0,-3.25962901115e-09,,129612.0
I10,2023-12-11 13:04:48,-0.000821638386697,-9.60653778748e-11,0.0,18.0,584.8125,-1.7343579572600002e-09,2.56666143628,1.9181519746800003e-05,0.0008163901511580001,1.4714896678900002e-05,6493.34375,133488.0,1.1548399925199999e-07,-2.93164548376,-1.60187482834e-07,0.0785982508469,-444.125,-0.20699777922600002,2.7186846727e-09,-7.46102506736e-10,0.0,2292.0,,8.0,0.0,-3.25962901115e-09,,133500.0
I10,2023-12-11 13:15:12,-0.0008216979913410001,-9.60653778748e-11,0.0,214.0,577.75,-1.61292432763e-09,2.61151644003,1.89729034901e-05,0.0008155358955260001,1.4711171388600002e-05,6493.34652328,134112.0,1.4528632163999998e-07,-2.93158542659,-1.30385160446e-07,0.0785923187141,-444.18749999999994,-0.20640835636500002,2.5843933646400002e-09,-7.57174396496e-10,0.0,2292.0,,2.0,0.0,-3.25962901115e-09,,134412.0
I10,2023-12-11 13:36:00,-0.000821818131953,-9.60653778748e-11,0.0,215.0,567.1875,-1.3329126640200001e-09,2.70283913477,1.8667429685600004e-05,0.0008159980643540002,1.4655292034100001e-05,6493.34399605,135360.0,1.86264514923e-07,-2.93158268215,-6.33299350739e-08,0.0785914292599,-442.6875,-0.2067249333,2.28723812979e-09,-7.76818071876e-10,0.0,2292.0,,2.0,0.0,-3.25962901115e-09,,135660.0
I10,2023-12-11 13:50:24,-0.000821901950985,-9.61790647125e-11,0.0,216.0,563.3125,-1.13147570193e-09,2.76558920054,1.85593962669e-05,0.0008153161033989999,1.46143138409e-05,6493.34594536,136224.0,2.0116567611699998e-07,-2.93158243053,-1.49011611938e-08,0.0785909772182,-441.24999999999994,-0.206468929951,2.0772293820800002e-09,-7.88247119371e-10,0.0,2292.0,,2.0,0.0,-3.25962901115e-09,,136572.0
I10,2023-12-11 14:05:36,-0.0008219890296459999,-9.5951691037e-11,0.0,217.0,562.25,-9.34324632657e-10,2.83300649286,1.85370445251e-05,0.0008174518588930001,1.4595687389400002e-05,6493.33851624,137136.0,1.9744038581799999e-07,-2.93157804178,2.9802322387700004e-08,0.078589928306,-440.56249999999994,-0.20738406128100004,1.8757924200000002e-09,-7.97176062726e-10,0.0,2292.0,,2.0,0.0,-3.25962901115e-09,,137580.0
I10,2023-12-11 14:20:48,-0.000822077039629,-9.60653778748e-11,0.0,218.00000000000003,564.0625,-7.657461821160001e-10,2.89906590315,1.85966491699e-05,0.00081622088328,1.4629215002100001e-05,6493.34284782,138048.0,1.8998980522199998e-07,-2.93157291717,6.70552253723e-08,0.0785887360277,-441.625,-0.20694200108500002,1.71007123133e-09,-8.03247744207e-10,0.0,2292.0,,2.0,0.0,-3.25962901115e-09,,138348.0
I10,2023-12-11 14:36:00,-0.000822165049613,-9.60653778748e-11,0.0,219.0,568.25,-6.38598028743e-10,2.96589048543,1.8727034330400002e-05,0.000817592954263,1.4744699001300001e-05,6493.33875465,138960.0,1.75088644028e-07,-2.93157207014,8.94069671631e-08,0.0785881157505,-445.3125,-0.207260901134,1.59006623264e-09,-8.064621638149999e-10,0.0,2292.0,,2.0,0.0,-3.25962901115e-09,,139260.0
I10,2023-12-11 14:50:24,-0.0008222479373217001,-9.595169103704e-11,0.0,220.00000000000003,573.5,-5.528801725355e-10,3.029002670234,1.88872218132e-05,0.0008186458144337,1.4942139387130002e-05,6493.335979461999,139824.0,1.639127731323e-07,-2.931573388233,9.685754776001e-08,0.078587981162,-451.81250000000006,-0.2073654880735,1.518634685802e-09,-8.082479524857e-10,0.0,2292.0,,2.0,0.0,-3.259629011154e-09,,140172.0
I10,2023-12-11 15:05:36,-0.000822334550321,-9.5951691037e-11,0.0,221.0,579.4375,-4.971635660009999e-10,3.09539113615,1.9062310457200002e-05,0.00081876933109,1.5243887901300001e-05,6493.33644104,140736.0,1.60187482834e-07,-2.93156979531,1.04308128357e-07,0.07858570339860001,-461.9375,-0.20725077774099998,1.48149028145e-09,-8.086051102200002e-10,0.0,2292.0,,2.0,0.0,-3.25962901115e-09,,141084.0
I10,2023-12-11 15:20:48,-0.0008224225603040001,-9.583800419929999e-11,0.0,222.00000000000003,584.625,-4.6430505445500003e-10,-3.12142895527,1.92224979401e-05,0.0008217835566030001,1.56424939632e-05,6493.32780457,141648.0,1.5646219253499998e-07,-2.93156911798,1.04308128357e-07,0.0785853318174,-475.3125,-0.20711009476100004,1.4714898648900003e-09,-8.093194256880001e-10,0.0,2292.0,,2.0,0.0,-3.25962901115e-09,,141948.0
I10,2023-12-11 15:36:00,-0.0008225101046260001,-9.5951691037e-11,0.0,223.0,588.125,-4.4573285227700003e-10,-3.05509908361,1.93268060684e-05,0.000822411384434,1.6115605831100002e-05,6493.32702065,142560.0,1.63912773132e-07,-2.93156872299,1.1175870895399999e-07,0.0785850787325,-491.24999999999994,-0.206933492753,1.47863301957e-09,-8.100337411570001e-10,0.0,2292.0,,2.0,0.0,-3.25962901115e-09,,142860.0
I10,2023-12-11 15:50:24,-0.000822593457997,-9.5951691037e-11,0.0,224.00000000000003,589.1875,-4.3287517384600004e-10,-2.99238993273,1.93677842617e-05,0.000823592767119,1.66110694408e-05,6493.32439995,143424.0,1.67638063431e-07,-2.93156843626,1.19209289551e-07,0.0785851357863,-507.87500000000006,-0.206636300946,1.49291932894e-09,-8.111052143589999e-10,0.0,2292.0,,2.0,0.0,-3.25962901115e-09,,143772.0
I10,2023-12-11 16:05:36,-0.00082268146798,-9.5951691037e-11,0.0,225.0,587.5,-4.2001749541500005e-10,-2.92655629166,1.93268060684e-05,0.000825581024401,1.71549618244e-05,6493.31912231,144336.0,1.71363353729e-07,-2.93156676121,1.34110450745e-07,0.0785839230273,-526.0,-0.205964618202,1.5086342692400003e-09,-8.132481607640001e-10,0.0,2292.0,,2.0,0.0,-3.25962901115e-09,,144684.0
I10,2023-12-11 16:20:48,-0.0008227694779634,-9.595169103704e-11,0.0,225.99999999999997,583.125,-4.014452932364e-10,-2.860257904925,1.920387148857e-05,0.0008255915017798999,1.76876783371e-05,6493.320316315,145248.0,1.676380634308e-07,-2.931565168096,1.564621925354e-07,0.0785826078639,-543.5,-0.20575740902200002,1.518634685802e-09,-8.157482649039e-10,0.0,2292.0,,2.0,0.0,-3.259629011154e-09,,145596.0
I10,2023-12-11 16:36:00,-0.000822857022285,-9.5951691037e-11,0.0,227.0,576.3125,-3.74301305437e-10,-2.79502422704,1.90101563931e-05,0.0008283029310410001,1.8175691366200002e-05,6493.31225395,146160.0,1.60187482834e-07,-2.93156397582,1.75088644028e-07,0.0785818295915,-559.375,-0.20448509600200004,1.51720605486e-09,-8.18605526777e-10,0.0,2292.0,,2.0,0.0,-3.25962901115e-09,,146460.0
I10,2023-12-11 16:50:24,-0.000822940375656,-9.5951691037e-11,0.0,227.99999999999997,568.25,-3.3572827014400003e-10,-2.73203631566,1.87791883945e-05,0.000827982090414,1.85780227184e-05,6493.31431198,147024.0,1.4528632163999998e-07,-2.9315622408,1.9371509551999997e-07,0.0785816145425,-572.25,-0.204467599502,1.5014911145600001e-09,-8.21462788651e-10,0.0,2292.0,,2.0,0.0,-3.25962901115e-09,,147372.0
I10,2023-12-11 17:05:36,-0.000823026988655,-9.5951691037e-11,0.0,229.0,559.0,-2.82868925483e-10,-2.66710665702,1.8503516912500002e-05,0.0008303319336850001,1.89207494259e-05,6493.306665419999,147936.0,1.2293457984899999e-07,-2.93156104706,2.08616256714e-07,0.0785806446278,-582.875,-0.20289091906099999,1.4672039720800002e-09,-8.2396289279e-10,0.0,2292.0,,2.0,0.0,-3.25962901115e-09,,148284.0
I10,2023-12-11 17:20:48,-0.0008231154643,-9.583800419929999e-11,0.0,229.99999999999997,549.875,-2.14294640518e-10,-2.60005064696,1.82278454304e-05,0.0008293900173160001,1.9174069166200002e-05,6493.31089592,148848.0,9.685754776e-08,-2.93155698161,2.16066837311e-07,0.0785807104591,-590.375,-0.20344314576600003,1.4143446274200001e-09,-8.25748681461e-10,0.0,2292.0,,2.0,0.0,-3.25962901115e-09,,149196.0
I10,2023-12-11 17:36:00,-0.0008232025429606001,-9.595169103704e-11,0.0,231.0,541.875,-1.3714856993130001e-10,-2.53475269723,1.7974525690080003e-05,0.0008306896779686,1.933798193932e-05,6493.306259155001,149760.0,7.078051567078001e-08,-2.931561759497,2.123415470123e-07,0.07857855850664999,-594.875,-0.20222866775,1.347198973388e-09,-8.268201546639001e-10,0.0,2292.0,,2.0,0.0,-3.259629011154e-09,,150108.0
I10,2023-12-11 17:50:24,-0.000823284965008,-9.5951691037e-11,0.0,231.99999999999997,536.0,-6.14311302817e-11,-2.47222807299,1.77845358849e-05,0.000831123907119,1.94236636162e-05,6493.30477715,150624.0,5.2154064178499997e-08,-2.93156015614,2.0116567611699998e-07,0.0785779587102,-596.8125,-0.201747367702,1.2771960574900002e-09,-8.268201546640001e-10,0.0,2292.0,,2.0,0.0,-3.25962901115e-09,,150972.0
I10,2023-12-11 18:05:36,-0.000823372509331,-9.5951691037e-11,0.0,233.0,532.3125,1.2857678431099998e-11,-2.40616338741,1.7646700143800002e-05,0.0008314452134070001,1.94534659386e-05,6493.30346298,151536.0,3.72529029846e-08,-2.93156152397,1.86264514923e-07,0.0785768717621,-597.0625,-0.201302800064,1.20290724877e-09,-8.25391523727e-10,0.0,2292.0,,2.0,0.0,-3.25962901115e-09,,151884.0
I10,2023-12-11 18:20:48,-0.0008234600536529999,-9.5951691037e-11,0.0,234.0,531.375,7.286017777599999e-11,-2.33973354725,1.75908207893e-05,0.0008314609294760001,1.9442290067700004e-05,6493.30329895,152448.0,2.9802322387700004e-08,-2.93155645934,1.71363353729e-07,0.0785767020636,-596.25,-0.201229655623,1.14004748755e-09,-8.23605735056e-10,0.0,2292.0,,2.0,0.0,-3.25962901115e-09,,152796.0
I10,2023-12-11 18:36:00,-0.000823547132313,-9.583800419929999e-11,0.0,235.0,533.3125,1.11433213069e-10,-2.27296781524,1.76206231117e-05,0.000831264071167,1.94199383259e-05,6493.30407143,153360.0,3.35276126862e-08,-2.93155897556,1.60187482834e-07,0.0785756355963,-595.1875,-0.201484828035,1.09433129758e-09,-8.211056309170001e-10,0.0,2292.0,,2.0,0.0,-3.25962901115e-09,,153708.0
I10,2023-12-11 18:50:24,-0.0008236300200220001,-9.5951691037e-11,0.0,236.0,537.4375,1.22862260563e-10,-2.20988181959,1.77212059498e-05,0.000831252662465,1.9405037164700003e-05,6493.30392647,154224.0,3.72529029846e-08,-2.93155709133,1.5646219253499998e-07,0.0785750401887,-594.6875,-0.20156506324,1.07433046446e-09,-8.196769999800001e-10,0.0,2292.0,,2.0,0.0,-3.25962901115e-09,,154572.0
I10,2023-12-11 19:05:36,-0.0008237175643440001,-9.5951691037e-11,0.0,237.0,543.875,1.02861427448e-10,-2.141653939,1.79000198841e-05,0.0008303655777130001,1.9416213035600003e-05,6493.308900829999,155136.0,4.47034835815e-08,-2.93155744243,1.60187482834e-07,0.0785741975479,-595.25,-0.203284569835,1.0800449882100002e-09,-8.189626845119999e-10,0.0,2292.0,,2.0,0.0,-3.25962901115e-09,,155484.0
I10,2023-12-11 19:20:48,-0.000823814887553,-9.70885594143e-11,0.0,238.0,551.75,5.428797559779999e-11,-2.07529198262,1.81309878826e-05,0.0008308071410280001,1.94683670998e-05,6493.30470467,156048.0,4.47034835815e-08,-2.93155330968,1.71363353729e-07,0.0785738259667,-597.3125,-0.203136739038,1.11576076163e-09,-8.20034157714e-10,0.0,2292.0,,2.0,0.0,-3.25962901115e-09,,156396.0
I10,2023-12-11 19:36:00,-0.0008239033631980001,-9.7202246252e-11,0.0,239.0,560.5,-2.0000833115e-11,-2.00783726008,1.8399208784100002e-05,0.0008304921211670001,1.95726752281e-05,6493.306730269999,156960.0,3.35276126862e-08,-2.93155156003,1.8998980522199998e-07,0.0785730988964,-601.0625,-0.204085216123,1.17719189191e-09,-8.23605735056e-10,0.0,2292.0,,2.0,0.0,-3.25962901115e-09,,157308.0
I10,2023-12-11 19:50:24,-0.0008239871822298,-9.708855941426e-11,0.0,240.0,569.0,-1.114332130692e-10,-1.943795019253,1.8667429685590002e-05,0.0008302220376208001,1.9717961549760002e-05,6493.308898926,157824.0,1.862645149231e-08,-2.931549522187,2.0861625671389998e-07,0.07857242156531,-606.125,-0.2051219554442,1.2557665934330001e-09,-8.293202588032999e-10,0.0,2292.0,,2.0,0.0,-3.259629011154e-09,,158220.0
I10,2023-12-11 20:05:36,-0.0008240756578739999,-9.70885594143e-11,0.0,241.0,577.75,-2.21437795202e-10,-1.87610710026,1.8958002328900003e-05,0.000829980941489,1.9926577806500002e-05,6493.31132889,158736.0,-7.450580596920001e-09,-2.93154696501,2.2351741790799998e-07,0.07857170034670001,-612.9375,-0.206304550624,1.35005623526e-09,-8.37892044424e-10,0.0,2292.0,,2.0,0.0,-3.25962901115e-09,,159132.0
I10,2023-12-11 20:20:48,-0.0008241636678580002,-9.70885594143e-11,0.0,242.0,585.875,-3.34299639208e-10,-1.80833082833,1.9233673811e-05,0.0008298014290630001,2.01798975468e-05,6493.31391907,159648.0,-4.47034835815e-08,-2.93154421618,2.34693288803e-07,0.0785709542585,-621.0,-0.20757575328900002,1.4514890317700002e-09,-8.49678249652e-10,0.0,2292.0,,2.0,0.0,-3.25962901115e-09,,159996.0
I10,2023-12-11 20:36:00,-0.0008242512121800002,-9.69748725765e-11,0.0,243.00000000000003,593.125,-4.4573285227700003e-10,-1.74056871013,1.9483268261000002e-05,0.000829662545584,2.0474195480300005e-05,6493.31646156,160560.0,-8.94069671631e-08,-2.93154092462,2.3096799850499998e-07,0.0785702140219,-630.0,-0.208833510274,1.54863593547e-09,-8.63607401286e-10,0.0,2292.0,,2.0,0.0,-3.25962901115e-09,,160908.0
I10,2023-12-11 20:50:24,-0.0008243345655500001,-9.69748725765e-11,0.0,244.0,599.0625,-5.40022494104e-10,-1.67636207974,1.96881592274e-05,0.000829589902423,2.07796692848e-05,6493.31887245,161424.0,-1.30385160446e-07,-2.93153779836,2.16066837311e-07,0.0785694913404,-639.125,-0.21003610354400004,1.63149652981e-09,-8.78250868388e-10,0.0,2292.0,,2.0,0.0,-3.25962901115e-09,,161820.0
I10,2023-12-11 21:05:36,-0.0008244225755334,-9.697487257654e-11,0.0,245.00000000000003,604.3125,-6.22883088438e-10,-1.608581250814,1.9870698452e-05,0.000829572440125,2.111867070198e-05,6493.321447372,162336.0,-1.676380634308e-07,-2.931534400003,1.9371509551999997e-07,0.07856870721631,-649.1875,-0.2113128682234,1.7029280766470002e-09,-8.946801241612001e-10,0.0,2292.0,,2.0,0.0,-3.259629011154e-09,,162732.0
I10,2023-12-11 21:20:48,-0.0008245264180005,-9.606537787477e-11,0.0,246.0,608.375,-6.785996949726001e-10,-1.540031112775,2.000480890274e-05,0.0008295319275931,2.1461397409440005e-05,6493.327537536999,163248.0,-1.974403858185e-07,-2.931524134707,1.601874828339e-07,0.07856814545577001,-659.3125,-0.21337049907490002,1.74578700475e-09,-9.114665376684e-10,0.0,2292.0,,2.0,0.0,-3.259629011154e-09,,163644.0
I10,2023-12-11 21:36:00,-0.000824614427984,-9.62927515502e-11,0.0,247.00000000000003,611.25,-7.21458623076e-10,-1.47268951916,2.0097941160200004e-05,0.0008296497398990002,2.1804124116900002e-05,6493.32899094,164160.0,-2.16066837311e-07,-2.93152167554,1.2293457984899999e-07,0.0785672984262,-669.4375,-0.214207349659,1.7772168853600002e-09,-9.271814779730001e-10,0.0,2292.0,,2.0,0.0,-3.25962901115e-09,,164508.0
I10,2023-12-11 21:50:24,-0.0008246977813539999,-9.64064383879e-11,0.0,248.0,612.875,-7.44316718065e-10,-1.40810301867,2.0142644643800002e-05,0.0008298960747200001,2.2109597921400005e-05,6493.33259583,165024.0,-2.2351741790799998e-07,-2.93151808261,8.94069671631e-08,0.0785664996729,-678.6875,-0.215790655656,1.78864593285e-09,-9.40396314138e-10,0.0,2292.0,,2.0,0.0,-3.25962901115e-09,,165420.0
I10,2023-12-11 22:05:36,-0.000824785791337,-9.65201252257e-11,0.0,249.00000000000003,613.4375,-7.543171346220001e-10,-1.34073338384,2.0153820514700002e-05,0.000830101547763,2.2403895854900003e-05,6493.3343162500005,165936.0,-2.19792127609e-07,-2.93151422636,5.960464477540001e-08,0.07856564094,-687.6875,-0.21665713471900003,1.78721730192e-09,-9.52182519367e-10,0.0,2292.0,,2.0,0.0,-3.25962901115e-09,,166332.0
I10,2023-12-11 22:20:48,-0.000824873801321,-9.62927515502e-11,0.0,250.0,612.9375,-7.543171346220001e-10,-1.27382489005,2.0127743482599998e-05,0.0008302319329230001,2.26460397243e-05,6493.33487701,166848.0,-2.16066837311e-07,-2.93151335885,3.72529029846e-08,0.07856475294870001,-695.5,-0.21705959079700002,1.7757882544200003e-09,-9.607543049869999e-10,0.0,2292.0,,2.0,0.0,-3.25962901115e-09,,167244.0
I10,2023-12-11 22:36:00,-0.0008249622769654,-9.629275155020999e-11,0.0,250.99999999999997,611.6875,-7.500312418118e-10,-1.206636260604,2.008303999901e-05,0.0008304705843329,2.283230423927e-05,6493.336385727,167760.0,-2.0861625671389998e-07,-2.931509593301,2.607703208923e-08,0.07856385617995999,-701.625,-0.2177450937286,1.762930575992e-09,-9.661116710004e-10,0.0,2292.0,,2.0,0.0,-3.259629011154e-09,,168156.0
I10,2023-12-11 22:50:24,-0.0008250456303358,-9.640643838792999e-11,0.0,252.0,610.1875,-7.500312418118e-10,-1.143305176438,2.0038336515430004e-05,0.0008306503295898001,2.294033765793e-05,6493.337097168001,168624.0,-2.0489096641539998e-07,-2.931509182221,2.2351741790770002e-08,0.07856302231665001,-705.5625,-0.2180700663507,1.7557874213080001e-09,-9.678974596714e-10,0.0,2292.0,,2.0,0.0,-3.259629011154e-09,,169068.0
I10,2023-12-11 23:05:36,-0.000825133174658,-9.64064383879e-11,0.0,252.99999999999997,608.875,-7.57174396496e-10,-1.07676545503,2.0001083612400004e-05,0.0008307439275089999,2.29850411415e-05,6493.33715439,169536.0,-2.04890966415e-07,-2.93150694835,2.60770320892e-08,0.0785621211591,-707.3125,-0.218105136886,1.7572160522400002e-09,-9.67183144203e-10,0.0,2292.0,,2.0,0.0,-3.25962901115e-09,,169932.0
I10,2023-12-11 23:20:48,-0.000825208611786,-9.62927515502e-11,0.0,254.0,608.5625,-7.75746598674e-10,-1.01014168313,2.00048089027e-05,0.0008308623218910001,2.29552388191e-05,6493.33864594,170448.0,-2.1234154701199998e-07,-2.93150953186,2.60770320892e-08,0.0785607226094,-706.6875,-0.218221007312,1.7743596234900001e-09,-9.64325882329e-10,0.0,2292.0,,2.0,0.0,-3.25962901115e-09,,170844.0
I10,2023-12-11 23:36:00,-0.0008252961561084,-9.617906471248999e-11,0.0,254.99999999999997,610.0625,-8.028905864728e-10,-0.9444653803627001,2.0060688257220003e-05,0.0008304999209940001,2.286210656166e-05,6493.336385727,171360.0,-2.2724270820619997e-07,-2.931512143168,2.607703208923e-08,0.07855993555951,-703.75,-0.21738782718990002,1.805789504095e-09,-9.600399895191e-10,0.0,2292.0,,2.0,0.0,-3.259629011154e-09,,171756.0
