GPS TOW [s],North,East,Up
123214,2815215.88299186,517186.678681848,5680780.49271075
123215,2815216.74241101,517165.689435596,5680751.88268132
123216,2815216.75337046,517165.679707361,5680751.87984847
123217,2815216.74449031,517165.678902185,5680751.87559134
123218,2815216.74474342,517165.682257178,5680751.87038372
123219,2815216.74935571,517165.685515517,5680751.87382627
123220,2815216.75389677,517165.686747959,5680751.86825138
123221,2815216.76069994,517165.689039139,5680751.88940468
123222,2815216.76873545,517165.696485477,5680751.89604965
123223,2815216.75702286,517165.709189618,5680751.88036346
123224,2815216.77283847,517165.718663012,5680751.90427153
123225,2815216.7853502,517165.711349178,5680751.92102962
123226,2815216.77546878,517165.708689344,5680751.90983441
123227,2815216.79056829,517165.704904753,5680751.91704134
123228,2815216.77797758,517165.703168408,5680751.89794562
123229,2815216.79415671,517165.703847823,5680751.91496316
123230,2815216.80198362,517165.705190037,5680751.92279446
123231,2815216.8090896,517165.702127541,5680751.92699583
123232,2815216.8115723,517165.704900954,5680751.93430528
123233,2815216.81347235,517165.701215245,5680751.93817846
123235,2815216.81134432,517165.710856434,5680751.92667649
123236,2815216.82726968,517165.700583681,5680751.92848596
123237,2815216.82385026,517165.692777127,5680751.9179585
123238,2815216.83356817,517165.697280532,5680751.94068956
123239,2815216.83489687,517165.702138261,5680751.92354332
123240,2815216.8403433,517165.69335076,5680751.93194491
123241,2815216.84310101,517165.704536793,5680751.93040875
123242,2815216.8407098,517165.701210633,5680751.93189078
123243,2815216.83811686,517165.702051261,5680751.92059
123244,2815216.84897588,517165.703158717,5680751.92850518
123245,2815216.85139445,517165.70075231,5680751.93734938
123246,2815216.84676688,517165.702031439,5680751.93528208
123247,2815216.85474095,517165.712350331,5680751.94232405
123248,2815216.85090196,517165.710892811,5680751.93831187
123249,2815216.85868589,517165.712536931,5680751.94762647
123250,2815216.86286157,517165.728344907,5680751.93963036
123251,2815216.85184654,517165.7347797,5680751.92101228
123252,2815216.86352032,517165.738916751,5680751.93332187
123253,2815216.86182169,517165.743800503,5680751.9340727
123254,2815216.86913984,517165.745715083,5680751.94539867
123255,2815216.88431437,517165.755878968,5680751.96819744
123256,2815216.87827172,517165.758324243,5680751.95964948
123257,2815216.88687805,517165.760682522,5680751.95058277
123258,2815216.88935742,517165.759282971,5680751.9625304
123259,2815216.88344677,517165.754582258,5680751.94584618
123260,2815216.88276845,517165.758428699,5680751.95483685
123261,2815216.89444671,517165.757581803,5680751.96988288
123262,2815216.88980112,517165.7596738,5680751.95322655
123263,2815216.91574409,517165.743261506,5680751.92175684
123264,2815217.28880271,517165.607420179,5680751.7587589
123265,2815218.02364613,517165.313476873,5680751.36601093
123266,2815219.14560694,517164.835774887,5680750.86556323
123267,2815220.67357096,517163.970899188,5680750.2307415
123268,2815222.51396323,517162.385679944,5680749.44153425
123269,2815224.45616097,517159.878368723,5680748.60328471
123270,2815226.7220605,517156.46998135,5680747.73286851
123271,2815229.22798457,517152.210951754,5680746.75174805
123272,2815231.66501031,517147.700659861,5680745.87062015
123273,2815233.74600258,517143.422596113,5680745.16738092
123274,2815235.43012612,517139.097440396,5680744.63071812
123275,2815236.68834596,517135.084673756,5680744.27735113
123276,2815237.58439564,517131.146995492,5680744.05095255
123277,2815238.09125417,517127.515684904,5680744.13689088
123278,2815238.11945436,517124.35843649,5680744.40917462
123279,2815237.58607558,517121.663805763,5680744.97942315
123280,2815236.33058505,517119.239055083,5680745.86819013
123281,2815234.24361502,517117.241920319,5680747.15381095
123282,2815231.30397851,517115.832618662,5680748.90356994
123283,2815227.54686988,517115.003772556,5680751.09840678
123284,2815223.3209153,517114.42729279,5680753.48282852
123285,2815218.93526235,517113.963999194,5680755.91951103
123286,2815215.1858901,517113.91309443,5680757.93362919
123287,2815212.51536273,517114.225740076,5680759.29461463
123288,2815210.91595983,517114.586573629,5680760.09691317
123289,2815209.69715759,517114.930111686,5680760.69732761
123290,2815207.97608724,517115.559589108,5680761.52730365
123291,2815205.3347674,517117.11691446,5680762.78051289
123292,2815202.04860357,517120.171954979,5680764.26555115
123293,2815198.71928786,517125.098798793,5680765.63381994
123294,2815196.01714068,517131.916014758,5680766.66001017
123295,2815193.13639859,517140.000331792,5680767.71129538
123296,2815189.60676565,517149.150792403,5680769.02882169
123297,2815185.34844538,517159.040123287,5680770.6250378
123298,2815180.58501603,517169.169174775,5680772.49643151
123299,2815175.33200404,517179.042241517,5680774.62916301
123300,2815169.73935248,517188.440748733,5680776.93602741
123301,2815163.69204074,517197.321527046,5680779.47621605
123302,2815157.23157192,517205.698660916,5680782.3014193
123303,2815150.7099856,517213.27620933,5680785.07662657
123304,2815144.77573749,517219.788038998,5680787.60627506
123305,2815139.55746198,517225.388049607,5680789.82558558
123306,2815135.12973341,517230.152746331,5680791.72095726
123307,2815131.41435302,517234.398349452,5680793.4202344
123308,2815127.91569242,517238.74421404,5680794.99545771
123309,2815124.66808036,517243.519659402,5680796.27947598
123310,2815122.08059333,517248.827884992,5680797.31682512
123311,2815120.42149439,517254.823623529,5680797.79129455
123312,2815119.99621545,517261.238502227,5680797.51374975
123313,2815121.1451105,517267.339795386,5680796.57056166
123314,2815123.28898451,517272.791281632,5680795.05655737
123315,2815125.6125449,517278.189428781,5680793.57119987
123316,2815127.75096598,517284.372613836,5680792.03201028
123317,2815129.64454116,517291.745527848,5680789.97789493
123318,2815131.82605778,517300.587080371,5680787.82231956
123319,2815134.06236588,517310.704909582,5680785.53503651
123320,2815136.33802642,517321.893312438,5680783.26603683
123321,2815138.56543751,517333.862257203,5680780.99454748
123322,2815140.76203751,517346.360371751,5680778.69464229
123323,2815143.1646954,517359.145344469,5680776.41736993
123324,2815146.31665391,517371.895321047,5680773.82365786
123325,2815150.56600833,517384.187564912,5680770.82332665
123326,2815156.11478652,517396.023417706,5680767.14541072
123327,2815162.75859744,517407.586945458,5680763.03394154
123328,2815169.8746748,517419.119999786,5680758.71339461
123329,2815177.26324922,517430.628122027,5680754.19050137
123330,2815184.80435608,517442.165530168,5680749.60775941
123331,2815192.41377498,517453.681696672,5680744.98788674
123332,2815199.99595854,517465.180710356,5680740.44559385
123333,2815207.54724142,517476.735582441,5680735.91392853
123334,2815215.18049785,517488.232007586,5680731.46858741
123335,2815222.80908795,517499.587705983,5680727.11682636
123336,2815230.4974173,517510.76616121,5680722.78769477
123337,2815238.31236068,517521.737269543,5680718.43496184
123338,2815246.30363701,517532.495261378,5680714.13125319
123339,2815254.35385851,517542.869956422,5680709.90965113
123340,2815262.41446159,517552.819590225,5680705.70531543
123341,2815270.46199156,517562.384044265,5680701.57171415
123342,2815278.40355259,517571.610093851,5680697.45836082
123343,2815286.16505905,517580.492525357,5680693.46189312
123344,2815293.61127156,517588.790268247,5680689.65875021
123345,2815300.59364378,517596.339543173,5680686.09302188
123346,2815306.93621971,517602.998438598,5680682.85694563
123347,2815312.37875459,517608.63379923,5680680.10380842
123348,2815316.94608608,517613.231028798,5680677.80341002
123349,2815320.78816004,517617.036205466,5680675.84883549
123350,2815323.95305016,517620.127228607,5680674.2460106
123351,2815326.4276035,517622.670778789,5680672.89137331
123352,2815328.54618861,517624.708495554,5680671.83922622
123353,2815330.35571863,517626.463861773,5680670.93967998
123354,2815332.11953659,517628.309012246,5680669.88766517
123355,2815334.47813853,517630.551485951,5680668.73638137
123356,2815337.25789422,517633.183647732,5680667.30046152
123357,2815340.54421885,517636.240666505,5680665.66054566
123358,2815344.56624188,517639.905013188,5680663.65637632
123359,2815349.3655236,517644.083189134,5680661.30617866
123360,2815354.66978769,517648.635664749,5680658.66847289
123361,2815360.25290832,517653.405322722,5680655.84105996
123362,2815365.92688547,517658.219788428,5680652.92864925
123364,2815377.59500232,517668.1732737,5680646.98141969
123365,2815383.39270247,517673.262347505,5680644.0637525
123366,2815389.3173695,517678.728179836,5680641.14827958
123367,2815395.3817716,517684.596942417,5680638.02580155
123368,2815401.60147771,517690.686665613,5680634.77792003
123369,2815408.14933894,517696.937353787,5680631.29455407
123370,2815415.20782518,517703.304705651,5680627.50777737
123371,2815422.88049531,517709.706094638,5680623.47001987
123372,2815430.96751285,517716.288983548,5680619.24244606
123373,2815439.38304038,517723.095765016,5680614.90192232
123374,2815448.02156409,517730.11898769,5680610.44323466
123375,2815456.94567444,517737.275038238,5680605.90807515
123376,2815466.18104468,517744.527939503,5680601.4982354
123377,2815475.48922192,517751.549933126,5680597.21982565
123378,2815484.71192841,517758.396814777,5680592.81055008
123379,2815493.77417427,517764.871878034,5680588.45069509
123380,2815502.90036797,517771.055686216,5680584.13856285
123381,2815512.47885676,517776.699035618,5680579.72381358
123382,2815522.48956281,517781.701270157,5680575.20133171
123383,2815532.45768598,517785.937872228,5680570.76008274
123384,2815542.02200458,517789.260496551,5680566.56976367
123385,2815551.46783598,517791.794360205,5680562.53702303
123386,2815560.41743337,517793.969726655,5680558.67877923
123387,2815568.70054528,517796.275109128,5680555.14056297
123388,2815576.768258,517799.293248411,5680551.56751258
123389,2815584.32982645,517803.024145271,5680548.16924402
123390,2815591.04263739,517807.211707291,5680545.03123957
123391,2815597.10340421,517811.675113433,5680542.20994751
123392,2815602.28729346,517816.108620078,5680539.65879121
123393,2815606.44474649,517819.927435895,5680537.62554443
123394,2815609.61936357,517823.01126035,5680536.06885481
123396,2815614.03374844,517827.188294831,5680533.79740753
123397,2815615.73889793,517828.62640597,5680532.89034535
123398,2815617.14167479,517829.709994762,5680532.14852514
123399,2815617.95869816,517830.284965018,5680531.73203113
123400,2815618.21798506,517830.470230617,5680531.583897
123401,2815618.31956089,517830.544599661,5680531.53251058
123402,2815618.39495978,517830.60440387,5680531.48398224
123403,2815618.64843987,517830.777726813,5680531.36400565
123404,2815618.83203451,517830.90826448,5680531.25883317
123405,2815618.85060119,517830.904755408,5680531.26932998
123406,2815618.85804088,517830.907625483,5680531.26668146
123408,2815618.95428131,517830.973204362,5680531.23485655
123409,2815619.38375143,517831.267297683,5680530.9988051
123410,2815620.59617173,517832.018277551,5680530.36653558
123411,2815622.90758656,517833.392600791,5680529.15083806
123412,2815626.40000008,517835.500847518,5680527.28575175
123413,2815630.70445856,517838.429998174,5680524.98246443
123414,2815635.10721736,517842.376652666,5680522.53455579
123415,2815639.13155106,517847.450961008,5680520.10255943
123416,2815642.4063451,517853.526030143,5680517.89205005
123417,2815644.46243612,517860.156774451,5680516.32767971
123418,2815645.04893914,517866.923759078,5680515.30551224
123419,2815644.39347945,517873.403476157,5680515.08508092
123420,2815642.53151644,517879.331978704,5680515.67372468
123421,2815639.48941928,517884.286676492,5680516.83409392
123422,2815635.51035808,517888.19679457,5680518.59251506
123423,2815630.77652784,517891.312298114,5680520.66109124
123424,2815625.48629034,517894.619730366,5680522.85026007
123425,2815619.63417343,517899.095864783,5680525.06918836
123426,2815613.65221447,517905.268383865,5680527.17618377
123427,2815607.71521288,517913.363950881,5680529.15379462
123428,2815601.50424059,517923.11859048,5680530.96908844
123429,2815594.82779167,517934.302464157,5680532.80346462
123430,2815587.5936568,517946.608027095,5680534.63573522
123431,2815580.1047964,517959.692993294,5680536.55594473
123432,2815572.556239,517973.198055294,5680538.90578911
123433,2815565.21027058,517986.831815327,5680541.61841909
123434,2815558.42213272,518000.926851703,5680544.23350183
123435,2815552.35037523,518016.049363636,5680546.48599541
123436,2815546.81550212,518032.373741352,5680548.35753015
123437,2815541.99890788,518049.620279871,5680550.06702016
123438,2815538.06443112,518067.12644506,5680551.63331946
123439,2815534.94596323,518084.581525535,5680552.79470015
123440,2815532.51199154,518101.900559422,5680553.82512073
123441,2815530.8664031,518119.213787257,5680554.51077011
123442,2815529.91699263,518136.601907926,5680554.84526935
123443,2815529.7767688,518153.997981855,5680554.79856961
123444,2815530.29337872,518171.314207461,5680554.43154958
123445,2815531.71107674,518188.403610406,5680553.97037418
123446,2815532.6554334,518205.436812585,5680553.03480221
123447,2815534.27559979,518222.442710843,5680552.11440073
123448,2815536.07158465,518239.42884428,5680551.07198288
123449,2815538.03514847,518256.37507772,5680550.01433278
123450,2815539.97110165,518273.32945264,5680548.89006944
123451,2815541.93194949,518290.303113314,5680547.79790523
123452,2815544.93461514,518330.672751194,5680553.28291434
123453,2815547.00672232,518347.675252605,5680552.15430278
123454,2815549.08814653,518364.690590022,5680551.00426452
123455,2815551.14067066,518381.722236533,5680549.88329646
123456,2815553.14278263,518398.75599462,5680548.80245975
123457,2815555.04364589,518415.777400446,5680547.79128441
123458,2815556.75868578,518432.752659194,5680546.90050598
123459,2815558.05476135,518449.702712215,5680546.21972363
123460,2815558.55078737,518466.587854538,5680545.85489313
123461,2815558.00813657,518483.379663364,5680546.02383193
123462,2815556.44094726,518500.147193475,5680546.60412455
123463,2815553.81689766,518516.822197924,5680547.73525148
123464,2815550.19511856,518533.264145742,5680549.37390138
123465,2815545.71207632,518549.421294623,5680551.48889968
123466,2815542.95626233,518568.19130868,5680561.95338692
123467,2815536.85419641,518583.915796874,5680564.91109311
123468,2815529.91803781,518599.388386208,5680568.27156592
123469,2815522.39067789,518614.591876713,5680571.97444543
123470,2815514.3112631,518629.440020138,5680576.01349364
123471,2815505.58975511,518643.857048059,5680580.35223861
123472,2815496.16944599,518657.832606383,5680584.95135718
123473,2815486.12599208,518671.369154925,5680589.78541874
123474,2815475.53706919,518684.375379327,5680594.81206914
123475,2815464.42142741,518696.753966913,5680600.00774906
123476,2815452.96904962,518708.501670097,5680605.31208739
123477,2815441.36910511,518719.809534837,5680610.52768557
123478,2815429.77464655,518730.658499651,5680615.65098492
123479,2815418.32883625,518740.827560823,5680620.63162316
123480,2815407.16976007,518750.247854516,5680625.48103821
123481,2815396.61034189,518758.807133955,5680630.03437101
123482,2815386.83228419,518766.574534692,5680634.24445188
123483,2815378.08287154,518773.847447882,5680637.90305799
123484,2815370.72950507,518781.210554177,5680640.88358712
123485,2815365.20205773,518788.986256972,5680642.95938605
123486,2815361.44148109,518797.500196242,5680644.08795681
123487,2815359.84375615,518806.958662743,5680644.18612727
123488,2815360.67416096,518816.655977402,5680643.36549997
123489,2815363.56422151,518825.995250185,5680641.65214222
123490,2815366.99451311,518835.167408203,5680639.89409698
123491,2815369.8557313,518844.386951035,5680638.36393831
123492,2815371.41255928,518853.547140794,5680637.38855176
123493,2815371.28027495,518862.447603766,5680637.34178828
123494,2815369.75814041,518870.749659468,5680637.73458184
123495,2815367.14243728,518877.891941392,5680638.65620644
123496,2815363.91306174,518883.80796838,5680639.86712052
123497,2815360.48153516,518888.727141048,5680641.24707227
123498,2815356.86271583,518893.386855025,5680642.71732535
123499,2815353.04113576,518898.112116987,5680644.19572557
123500,2815349.05528834,518902.720634567,5680645.68000335
123501,2815345.07702217,518906.482498223,5680647.24829031
123502,2815341.10740851,518908.819687895,5680648.95547183
123503,2815337.30645355,518909.546589713,5680650.8030197
123504,2815333.90988694,518908.678875463,5680652.57678301
123505,2815331.19434694,518906.27439458,5680654.28074116
123506,2815329.22162702,518902.562576001,5680655.71330602
123507,2815327.64355162,518897.578867458,5680657.09396601
123508,2815326.31559505,518891.3881593,5680658.44832557
123509,2815324.84216486,518884.326759258,5680660.11197799
123510,2815322.9363664,518876.567521008,5680662.1589254
123511,2815320.43603971,518868.192183971,5680664.60323531
123512,2815317.40660644,518859.242773805,5680667.33358819
123513,2815314.16076968,518849.583181137,5680670.16708287
123514,2815310.77955968,518839.16260381,5680672.95981288
123515,2815307.48864131,518828.159583238,5680675.58078556
123516,2815304.62175197,518817.223164513,5680677.81418664
123517,2815302.22328327,518806.826927872,5680679.58168289
123518,2815300.24552523,518797.003639737,5680680.98610273
123519,2815298.62923804,518787.569433509,5680682.06659528
123520,2815297.27599343,518778.501440539,5680682.89676393
123521,2815296.09644961,518769.822511817,5680683.65544409
123522,2815294.83324758,518761.647344647,5680684.54988929
123523,2815293.41279471,518754.780518236,5680685.56332166
123524,2815292.24075839,518750.318025723,5680686.3735894
123525,2815291.52840024,518748.085564769,5680686.8330695
123526,2815291.23282446,518747.201168167,5680687.04343535
123527,2815290.92350989,518746.329702823,5680687.2415767
123528,2815290.08839824,518744.11497786,5680687.80986401
123529,2815288.58430352,518740.381448727,5680688.79312322
123530,2815286.96128322,518735.384704761,5680689.92170145
123531,2815286.06035646,518729.816316686,5680690.78239224
123532,2815286.04787221,518724.594942969,5680691.1480563
123533,2815286.57653012,518720.323406369,5680691.22871372
123534,2815287.16536279,518717.001395955,5680691.18930411
123535,2815287.62004065,518714.591620801,5680691.16030926
123536,2815287.99217651,518712.413535206,5680691.13565734
123537,2815288.38413166,518709.854443842,5680691.13940398
123538,2815288.70461838,518706.410596024,5680691.22999549
123539,2815288.74997281,518701.588862365,5680691.52723604
123540,2815288.33668194,518695.154765838,5680692.09094457
123541,2815287.54109961,518687.164763323,5680692.93061105
123542,2815286.44331562,518677.664128795,5680694.0090771
123543,2815285.02431608,518666.908804023,5680695.36995964
123544,2815283.42911179,518655.173416895,5680696.90452295
123545,2815281.70966803,518642.826266888,5680698.66584515
123546,2815279.85635188,518630.193409633,5680700.6125618
123547,2815277.90519539,518617.542749695,5680702.61745388
123548,2815275.58920483,518604.966265319,5680704.80188965
123549,2815272.70286271,518592.517219309,5680707.20367703
123550,2815269.00649043,518580.333847097,5680710.02351159
123551,2815264.45853322,518568.495759771,5680713.17949475
123552,2815259.0468366,518557.113390596,5680716.68953769
123553,2815252.8635171,518546.228149975,5680720.52492787
123554,2815245.98862877,518535.813170199,5680724.62213721
123555,2815238.50425237,518525.976450674,5680728.95676733
123556,2815230.84747762,518517.119669316,5680733.29613696
123557,2815223.41765354,518509.16730461,5680737.40337845
123558,2815216.19468565,518501.642215257,5680741.42630181
123559,2815208.98657067,518494.462323931,5680745.42122904
123560,2815201.84739232,518487.576213471,5680749.31592964
123561,2815194.86154103,518480.909737217,5680753.13297482
123562,2815188.05362936,518474.472918313,5680756.86392196
123563,2815181.47949623,518468.337615923,5680760.47873357
123564,2815175.20197691,518462.62868427,5680763.8659367
123565,2815169.40690559,518457.450341103,5680767.02944514
123566,2815164.11670254,518452.759457074,5680769.89541838
123567,2815159.26453063,518448.458102456,5680772.54791083
123568,2815154.15612418,518444.000703183,5680775.3332403
123569,2815148.53803843,518439.260735455,5680778.4068896
123570,2815142.36171748,518434.289146296,5680781.83030248
123571,2815135.65661346,518429.216775266,5680785.48289353
123572,2815128.76358209,518424.199403226,5680789.23926272
123573,2815121.9692901,518419.161259846,5680793.05235185
123574,2815115.26896561,518413.799341258,5680796.81612682
123575,2815108.52931077,518408.159712122,5680800.58685045
123576,2815101.70495167,518402.219468283,5680804.41849185
123577,2815094.65179898,518395.996983565,5680808.31377813
123578,2815087.4063749,518389.516980217,5680812.32695107
123579,2815079.90800296,518382.823758902,5680816.4795876
123580,2815072.09220746,518375.884430951,5680820.78282444
123581,2815063.91211421,518368.713949038,5680825.29231673
123582,2815055.36681552,518361.326084325,5680829.92354171
123583,2815046.51257672,518353.846248003,5680834.78277673
123584,2815037.36747742,518346.241876723,5680839.7887724
123585,2815028.02425946,518338.559298472,5680844.87511368
123586,2815018.58831124,518330.86489632,5680850.05952722
123587,2815009.05569382,518323.219910007,5680855.29957359
123588,2814999.41462135,518315.721896681,5680860.60806214
123589,2814989.56130461,518308.445455719,5680865.98281198
123590,2814979.49089426,518301.469218763,5680871.50157414
123591,2814969.22983018,518294.772991463,5680877.07785698
123592,2814958.74448286,518288.421612075,5680882.69595025
123593,2814948.07215892,518282.397328523,5680888.38205852
123594,2814937.24199898,518276.714544445,5680894.1268177
123595,2814926.25374821,518271.36861863,5680899.92094157
123596,2814915.15310741,518266.282746407,5680905.71211886
123597,2814904.11165905,518261.366934702,5680911.46275018
123598,2814893.11479095,518256.584754993,5680917.12748825
123599,2814882.21944247,518251.988493985,5680922.69945194
123600,2814871.73848567,518247.614840865,5680928.0421694
123601,2814862.08541136,518243.648830037,5680933.05352819
123602,2814853.194849,518240.045263408,5680937.6426308
123603,2814845.08040405,518236.758667464,5680941.79870225
123604,2814837.61631226,518233.715224618,5680945.66454078
123605,2814829.99501724,518230.730669706,5680949.57345587
123606,2814821.71922927,518227.580239913,5680953.82099041
123607,2814812.69912057,518224.179099096,5680958.41990552
123608,2814803.00931337,518220.479188391,5680963.3342209
123609,2814793.39519849,518216.774109802,5680968.22333119
123610,2814784.33715522,518213.363171269,5680972.81991834
123611,2814775.92380374,518210.112011766,5680977.05956544
123612,2814768.25138496,518207.074160947,5680980.97869994
123613,2814761.33449815,518204.306082685,5680984.53751068
123614,2814755.17345766,518201.814057392,5680987.69419352
123615,2814749.89051658,518199.660181669,5680990.43892275
123616,2814745.52851406,518197.869365526,5680992.672086
123617,2814742.13746036,518196.429741491,5680994.41780358
123618,2814739.64744593,518195.382700262,5680995.72534312
123619,2814738.04671268,518194.715109291,5680996.5649504
123620,2814737.31437408,518194.41405247,5680996.97009176
123621,2814737.04308708,518194.307721592,5680997.11220077
123622,2814736.87568404,518194.236967422,5680997.23256366
123623,2814736.77274888,518194.196384429,5680997.30300126
123624,2814736.55550893,518194.104310057,5680997.43278331
123625,2814736.264674,518193.980542695,5680997.60801602
123626,2814736.03402633,518193.891569885,5680997.71826352
123627,2814736.03030231,518193.890781337,5680997.74998087
123628,2814736.03022376,518193.888960153,5680997.7814794
123629,2814736.03190497,518193.895045442,5680997.81446286
123630,2814736.02228279,518193.895571885,5680997.83348889
123631,2814736.02432404,518193.895051308,5680997.86572564
123632,2814736.02097085,518193.8968526,5680997.88649453
123633,2814736.00997167,518193.893176165,5680997.89531804
123634,2814736.01277251,518193.895230849,5680997.94020158
123635,2814736.01006916,518193.897851025,5680997.96361853
123636,2814736.0117095,518193.899886809,5680998.00349241
123637,2814736.00654466,518193.900454801,5680998.03146439
123638,2814736.00349121,518193.902052267,5680998.06528831
123639,2814735.97288014,518193.897127179,5680998.09966891
123640,2814735.53519705,518193.709661711,5680998.32954306
123641,2814734.37175875,518193.215381317,5680998.97037357
123642,2814732.49596831,518192.335301654,5680999.94341585
123643,2814730.14769476,518190.945478074,5681001.21474608
123644,2814727.8889122,518189.034471726,5681002.46655841
123645,2814725.88611687,518186.790157622,5681003.66433086
123646,2814723.82529624,518183.750122518,5681004.89520776
123647,2814722.21607095,518179.916540521,5681005.94722357
123648,2814721.55261328,518175.34776479,5681006.65558011
123649,2814721.87236376,518170.235573877,5681006.95742627
123650,2814723.29591658,518164.315144367,5681006.64300424
123651,2814725.82523163,518157.541078942,5681005.82592544
123652,2814728.96290605,518149.8771977,5681004.67215574
123653,2814732.29745465,518141.390093229,5681003.43389367
123654,2814735.31231613,518132.230728955,5681002.4568208
123655,2814737.4267112,518122.571489131,5681001.85511134
123656,2814738.25086681,518112.468441061,5681001.96149731
123657,2814737.89642438,518101.934865075,5681002.83625109
123658,2814736.57720153,518091.197250518,5681004.06203883
123659,2814734.83832732,518080.390797337,5681005.54728468
123660,2814733.04555915,518069.49212175,5681007.04377599
123661,2814731.65246166,518058.577434403,5681008.34669621
123662,2814731.00899704,518047.819951253,5681009.18849932
123663,2814731.19498038,518037.233976118,5681009.49227945
123664,2814732.07757952,518027.007001272,5681009.33765766
123665,2814733.51836757,518017.474504467,5681008.75730652
123666,2814735.44000436,518008.672439413,5681007.94563937
123667,2814737.8657384,517999.961144158,5681006.8543056
123668,2814740.85140494,517990.791164582,5681005.28282923
123669,2814744.48431875,517981.052283505,5681003.45686323
123670,2814748.58494232,517970.791515098,5681001.37785263
123671,2814753.02979335,517960.173735283,5680999.15436963
123672,2814757.83162072,517949.304770579,5680996.83004627
123673,2814762.93956873,517938.230128832,5680994.24517697
123674,2814768.3211842,517927.104878865,5680991.48736183
123675,2814773.9223638,517916.102819272,5680988.67225309
123676,2814779.73314346,517905.221319497,5680985.67584383
123677,2814785.87071489,517894.395623482,5680982.52444536
123678,2814792.29674919,517883.614128721,5680979.23932839
123679,2814799.03811812,517872.935976042,5680975.73293064
123680,2814806.08969264,517862.359436126,5680972.09676377
123681,2814813.30042679,517851.829038109,5680968.37025845
123682,2814820.70231194,517841.444567302,5680964.52337756
123683,2814828.26526894,517831.240413734,5680960.54127408
123684,2814835.90409164,517821.324314043,5680956.57114286
123685,2814843.51007419,517811.900398964,5680952.57723915
123686,2814851.13948784,517802.97731852,5680948.57624957
123687,2814858.65361819,517794.596578201,5680944.60517654
123688,2814865.95280225,517786.769357532,5680940.73036038
123689,2814873.20699189,517779.292341773,5680936.97428728
123690,2814880.86310042,517771.495225484,5680932.79169733
123691,2814890.46330726,517756.284771063,5680947.72940959
123692,2814899.74490639,517746.749938272,5680945.85491294
123693,2814909.51331006,517738.354826833,5680940.59403082
123694,2814919.67823723,517730.05561669,5680935.08232525
123695,2814930.12955158,517722.003806988,5680929.44164946
123696,2814940.77248808,517714.347767287,5680923.7620217
123697,2814951.24282043,517707.09562529,5680918.09296124
123698,2814961.52781647,517700.153240419,5680912.52189351
123699,2814971.49450735,517693.319753627,5680907.03831483
123700,2814981.1705772,517686.529997198,5680901.84088214
123701,2814990.39251129,517679.768334953,5680896.78960957
123702,2814998.94199007,517672.93866237,5680892.19190036
123703,2815006.41782271,517665.98581187,5680888.21045958
123704,2815012.7677227,517659.036627421,5680884.86947463
123705,2815018.30325043,517652.273435872,5680881.95687686
123706,2815023.24835706,517645.730251222,5680879.35074215
123707,2815027.60383905,517639.452982266,5680877.15138044
123708,2815031.8112703,517632.894331294,5680874.92457215
123709,2815036.24388897,517625.539430054,5680872.68202564
123710,2815040.69697078,517617.777171305,5680870.52785868
123711,2815044.85814691,517609.931915252,5680868.51890094
123712,2815048.5413828,517602.170769946,5680866.7233736
123713,2815051.60197283,517594.481711739,5680865.27846273
123714,2815054.07936126,517586.919316395,5680864.14460597
123715,2815056.129702,517579.448998695,5680863.20651109
123716,2815057.85401712,517571.660635043,5680862.46468635
123717,2815059.35592384,517563.515707545,5680861.84032254
123718,2815060.77337187,517555.135687845,5680861.27570086
123719,2815062.13656713,517546.52905375,5680860.722778
123720,2815063.540068,517537.734100872,5680860.18790189
123721,2815064.97087677,517528.80480337,5680859.59364981
123722,2815066.40312051,517519.863459999,5680859.03406278
123723,2815067.83690753,517511.088674432,5680858.48842613
123724,2815069.26648449,517502.56448664,5680857.92346357
123725,2815070.7352425,517493.959755722,5680857.35411001
123726,2815072.24052382,517485.402245703,5680857.05127911
123727,2815073.62975699,517477.109782451,5680856.52796126
123728,2815075.01455976,517469.292206435,5680856.05512298
123729,2815076.21641884,517461.924790712,5680855.69711454
123730,2815077.3646427,517455.029926482,5680855.28775757
123731,2815078.49812833,517448.494245813,5680854.96603585
123732,2815079.74777071,517441.83128068,5680854.63569347
123733,2815081.05078842,517434.663920384,5680854.28104773
123734,2815082.45829576,517426.896274703,5680853.76767007
123735,2815083.84281461,517418.499744719,5680853.2728436
123736,2815085.32013738,517409.537474367,5680852.84060314
123737,2815086.9182648,517400.162239372,5680852.3729793
123738,2815088.60392335,517390.362443473,5680851.88754417
123739,2815090.33448655,517380.299612502,5680851.49495114
123740,2815092.12367715,517370.324694108,5680851.11340638
123741,2815093.66201177,517360.724507333,5680850.81786736
123742,2815094.7161072,517351.745369954,5680850.7903327
123743,2815095.14434984,517343.403065276,5680850.96591828
123744,2815095.0269652,517335.747796264,5680851.801274
123745,2815094.85075087,517328.970041383,5680852.25842889
123746,2815094.63448337,517323.28210148,5680852.65390903
123747,2815094.4650635,517318.50893328,5680853.0082107
123748,2815094.32781081,517314.189078328,5680853.38701309
123749,2815094.1715533,517309.758494204,5680853.59471289
123750,2815094.20454259,517305.137313283,5680853.70070263
123751,2815094.32900509,517300.409945782,5680853.88434795
123752,2815094.57536886,517295.349831488,5680854.11316766
123753,2815094.94182241,517289.728863007,5680854.35115929
123754,2815095.61315963,517283.800931363,5680854.48138272
123755,2815097.15345844,517277.989987096,5680854.11138063
123756,2815099.7445567,517272.755529457,5680853.16562896
123757,2815103.60855224,517268.393549331,5680851.57400901
123758,2815108.38657178,517264.939737583,5680849.27850186
123759,2815113.60475154,517261.890335982,5680846.84166355
123760,2815118.93846081,517258.711208684,5680844.26839611
123761,2815124.22119978,517254.842971438,5680841.73296702
123762,2815129.47103509,517250.312271785,5680839.39259675
123763,2815134.73432624,517245.085334537,5680836.83862001
123764,2815140.40215679,517239.001112123,5680834.28555029
123765,2815146.42691573,517231.961460412,5680831.61479713
123766,2815152.75457167,517223.936039822,5680828.87731293
123767,2815159.19294231,517215.016271356,5680826.12855608
123768,2815165.41910771,517205.526261099,5680823.50181244
123769,2815171.19887932,517195.836433362,5680821.10544096
123770,2815176.64329302,517186.408466446,5680818.93533786
123771,2815181.61616231,517177.575359773,5680816.86474511
123772,2815186.2573706,517169.369238927,5680814.95303734
123773,2815190.41262667,517161.678779495,5680813.29551645
123774,2815193.72743051,517154.364909994,5680812.02307728
123775,2815196.35363115,517147.796912859,5680811.10095756
123776,2815198.29449956,517142.301712485,5680810.36501414
123777,2815199.73869745,517138.075726381,5680809.8828013
123778,2815200.74059062,517135.11280643,5680809.51217103
123779,2815201.35612243,517133.352875659,5680809.23982333
123780,2815201.65085702,517132.554200886,5680809.12848255
123781,2815201.78602593,517132.183457002,5680809.05513614
123782,2815201.90407789,517131.86441184,5680808.98395223
123783,2815202.03392785,517131.556961847,5680808.92899534
123784,2815202.19438491,517131.256256222,5680808.96002526
123785,2815202.30108763,517131.0290862,5680808.93155759
123786,2815202.36948165,517130.851411693,5680808.88516465
123787,2815202.5419899,517130.467898208,5680808.80766331
123788,2815203.27073996,517129.209045651,5680808.48056091
123789,2815205.0695124,517127.388473417,5680807.78310116
123790,2815208.06829352,517125.701692453,5680806.40243896
123791,2815212.19757117,517124.565490887,5680804.47708065
123792,2815217.14030172,517124.543650674,5680802.01517188
123793,2815222.60426362,517125.77818686,5680799.07494066
123794,2815228.30227652,517127.664429424,5680795.90812111
123795,2815233.68487988,517129.62544202,5680792.81354368
123796,2815238.06422157,517131.615343586,5680790.23293481
123797,2815241.13785282,517134.004103708,5680788.32915688
123798,2815243.07254467,517136.694835373,5680787.09474335
123799,2815244.1537858,517139.597779142,5680786.31665596
123800,2815244.53493852,517142.937619905,5680785.83779037
123801,2815244.14138449,517146.854213063,5680785.712062
123802,2815243.0975509,517151.374855459,5680785.92551691
123803,2815241.3397083,517156.426100351,5680786.472817
123804,2815239.04611362,517161.851073281,5680787.26855195
123805,2815236.42733922,517167.543087989,5680788.13687241
123806,2815233.67917483,517173.242296057,5680789.09018877
123807,2815231.14356733,517178.428652774,5680790.06987203
123808,2815229.03223653,517182.717703004,5680790.81181687
123809,2815227.33788174,517186.304199817,5680791.35754335
123810,2815226.07930891,517189.332263775,5680791.7604505
123811,2815224.76940567,517191.682764247,5680792.21211845
123812,2815223.16675198,517193.0041249,5680792.94943854
123813,2815221.44890637,517193.162859255,5680793.67545671
123814,2815219.8886794,517192.385036012,5680794.50435058
123815,2815219.03317351,517190.652352016,5680795.24501193
123817,2815219.93316317,517187.309387257,5680795.46485395
123818,2815220.84985743,517186.428102484,5680794.95276075
123819,2815221.57065401,517185.935554567,5680794.58388514
123820,2815221.68303095,517185.853926314,5680794.52564746
123821,2815221.55913617,517185.802755126,5680794.15963531
123822,2815221.54858208,517185.802665831,5680794.13794149
123823,2815221.54914216,517185.802229259,5680794.13785799
123824,2815221.54097118,517185.801160486,5680794.12980178
123825,2815221.54138477,517185.803679325,5680794.12837579
123826,2815221.5339711,517185.801022887,5680794.12108724
123827,2815221.53624388,517185.802828802,5680794.12312783
123828,2815221.54019158,517185.801633986,5680794.13313446
123829,2815221.53643528,517185.807262836,5680794.1287657
123830,2815221.53575208,517185.80777449,5680794.12877488
123831,2815221.53497611,517185.805584976,5680794.13165563
123832,2815221.53634568,517185.809689582,5680794.13500003
123833,2815221.53526772,517185.811461392,5680794.13953528
123834,2815221.52280977,517185.809816724,5680794.1046113
123835,2815221.52155577,517185.811026711,5680794.09722368
123836,2815221.52561998,517185.814563147,5680794.10324796
123837,2815221.52730788,517185.813937112,5680794.10720278
123838,2815221.51876786,517185.81486058,5680794.08743498
123839,2815221.52063315,517185.818038199,5680794.09548783
123840,2815221.51914801,517185.818104012,5680794.08482472
123841,2815221.52306243,517185.819698694,5680794.09231986
123842,2815221.51541265,517185.82098379,5680794.07761873
123843,2815221.51596861,517185.824715511,5680794.07222719
123844,2815221.51557921,517185.826024368,5680794.07159199
123845,2815221.52436043,517185.829756624,5680794.08307701
123846,2815221.5150567,517185.832599044,5680794.05931471
123847,2815221.51420069,517185.838030111,5680794.0594188
123848,2815221.52451216,517185.840798186,5680794.07042041
123849,2815221.50941947,517185.848405747,5680794.05122753
123850,2815221.50889582,517185.851557849,5680794.04455487
123851,2815221.5143425,517185.85646473,5680794.05277713
123852,2815221.5024164,517185.859495653,5680794.02728124
123853,2815221.51537066,517185.866561413,5680794.04890937
123854,2815221.50650473,517185.869269303,5680794.03182883
123855,2815221.51102905,517185.876586312,5680794.05452349
123856,2815221.51636503,517185.885835961,5680794.05946155
123857,2815221.52084035,517185.888044767,5680794.05905458
123858,2815221.51464044,517185.892281998,5680794.05644701
123859,2815221.5153903,517185.896018596,5680794.05834577
123860,2815221.51606199,517185.900248497,5680794.05316731
123861,2815221.50429973,517185.904812225,5680794.03822217
123862,2815221.51326614,517185.909864965,5680794.04442808
123863,2815221.50604033,517185.915842988,5680794.03028359
123864,2815221.51037105,517185.92161819,5680794.03493442
123865,2815221.50718854,517185.924283222,5680794.02957978
123866,2815221.5085904,517185.931704717,5680794.02503655
123867,2815221.50850724,517185.933423417,5680794.02451712
123868,2815221.506871,517185.940061447,5680794.01663865
123869,2815221.50792097,517185.94394328,5680794.01337429
123870,2815221.50573944,517185.950866386,5680794.00942836
123871,2815221.51294262,517185.95841551,5680794.01905479
123872,2815221.50723437,517185.961769209,5680794.00524247
123873,2815221.51064114,517185.969610475,5680794.00461503
123874,2815221.49882554,517185.969517342,5680793.97647799
123875,2815221.4946945,517185.974183293,5680793.96348881
123876,2815221.49418456,517185.981012367,5680793.96519359
123877,2815221.4898644,517185.979290581,5680793.95501794
123878,2815221.50305996,517185.978912618,5680793.97168726
123879,2815221.49091556,517185.978641575,5680793.96003354
123880,2815221.48985511,517185.975207063,5680793.95938045
123881,2815221.49428768,517185.977190813,5680793.97043735
