satelite_id,Datetime,C_rs,Delta n0,M0,C_uc,e,C_us,sqrt(A),T_oe,C_ic,OMEGA0,C_is,i0,C_rc,omega,OMEGA DOT,IDOT,t_tm
J02,2025-03-25 00:00:00,-28.4375,3.3776406922920003e-09,2.842230448821,-1.236796379089e-06,0.07442360289861,5.122274160385001e-07,6493.7020435330005,172800.0,4.7311186790470004e-07,1.204437288459,-1.862645149231e-08,0.6999844595624001,119.37500000000001,-1.562015951,-3.181918253953e-09,-6.182400378934e-10,169206.0
J02,2025-03-25 01:00:00,-27.1875,3.3704975376080006e-09,3.104720608007,-1.214444637299e-06,0.07442332548089,5.420297384261999e-07,6493.7026577,176400.0,5.15952706337e-07,1.204425411027,4.4703483581540004e-08,0.6999822681111,116.12499999999999,-1.562014839182,-3.1904900395740003e-09,-5.928818387655001e-10,172806.0
J02,2025-03-25 02:00:00,-25.125,3.349425231291e-09,-2.91597476235,-1.1324882507319998e-06,0.07442432036623,1.303851604462e-07,6493.700437546,180000.0,3.650784492493e-07,1.204411583525,4.4517219066619995e-07,0.6999804657961,127.125,-1.562011901643,-3.1604887899010004e-09,-4.435899058715e-10,176406.0
J02,2025-03-25 03:00:00,-17.96875,3.111201022582e-09,-2.653489029955,-8.139759302139e-07,0.0744257317856,-2.1420419216159998e-07,6493.696846008,183600.0,-8.06525349617e-07,1.204393948048,7.431954145431999e-07,0.6999801995450001,136.46875,-1.562001320356,-2.868690921063e-09,-7.928901699152999e-11,180006.0
J02,2025-03-25 04:00:00,-10.5625,2.736899717145e-09,-2.391006157564,-4.284083843231e-07,0.0744269132847,-2.495944499969e-07,6493.693426132,187200.0,-1.657754182816e-06,1.204378269955,-3.129243850708e-07,0.6999813874344001,138.65625,-1.561988772908,-2.416172071837e-09,1.296482575132e-10,183606.0
J02,2025-03-25 05:00:00,-12.125,2.541534436539e-09,-2.128516939034,-2.8684735298159994e-07,0.07442708930466001,-1.676380634308e-07,6493.692878723001,190800.0,-7.990747690200999e-07,1.20436835137,-1.3392418622969999e-06,0.6999816536855,137.8125,-1.561987015943,-2.206877639598e-09,1.678641350722e-11,187206.0
J02,2025-03-25 06:00:00,-19.84375,2.609751563771e-09,-1.866017570779,-3.129243850708e-07,0.0744266284164,-2.7567148208619996e-07,6493.694984436,194400.0,4.7124922275539994e-07,1.204361453712,-1.005828380585e-06,0.6999796348586,143.03125,-1.561998397446,-2.346526313668e-09,-2.189376910622e-10,190806.0
J02,2025-03-25 07:00:00,-26.28125,2.735471086208e-09,-1.603512656601,-3.3713877201079994e-07,0.07442620617803,-5.289912223816e-07,6493.698001862,198000.0,9.853392839432e-07,1.204353536399,-1.173466444016e-07,0.6999766943932001,154.34375,-1.562015200523,-2.5643925315280003e-09,-3.875161416028e-10,194406.0
J02,2025-03-25 08:00:00,-26.59375,2.820831784681e-09,-1.341010072852,-2.682209014893e-07,0.07442611886654,-7.227063179015999e-07,6493.700456619,201600.0,8.977949619292999e-07,1.204344106429,7.431954145431999e-07,0.6999738358513001,165.03125,-1.562028916843,-2.7247563541820003e-09,-5.057353516217e-10,198006.0
J02,2025-03-25 09:00:00,-23.0,2.8472614570110005e-09,-1.078510444198,-1.8812716007229998e-07,0.07442627870478,-8.121132850646999e-07,6493.702468871999,205200.0,3.1106173992159995e-07,1.204333896724,1.4659017324450001e-06,0.6999713035401001,172.65625,-1.562039365004,-2.8079741062500004e-09,-6.350264514006e-10,201606.0
J02,2025-03-25 10:00:00,-16.15625,2.996553389905e-09,-0.8160146425367,-8.568167686462001e-08,0.07442650396843,-7.320195436478e-07,6493.703727722,208800.0,-7.953494787215999e-07,1.204321761818,1.3858079910279997e-06,0.6999676696516001,174.96875,-1.562044954814,-3.0629847284660005e-09,-7.328876705704001e-10,205206.0
J02,2025-03-25 11:00:00,-12.125,3.3119236692000004e-09,-0.5535245638113001,-1.471489667892e-07,0.07442641141824,-5.457550287247e-07,6493.703176498,212400.0,-1.0877847671509998e-06,1.204305276194,3.1478703022e-07,0.6999633979308001,171.90625,-1.562041799299,-3.5490764047060005e-09,-6.17525722425e-10,208806.0
J02,2025-03-25 12:00:00,-16.78125,3.5422904077570002e-09,-0.2910386295328,-4.5262277126309995e-07,0.07442559069023,-6.482005119323999e-07,6493.700382233001,216000.0,-4.2654573917389996e-07,1.204286919498,-1.0244548320769999e-07,0.6999607281053,173.3125,-1.562032819908,-3.895162249142e-09,-3.4394289803080003e-10,212406.0
J02,2025-03-25 13:00:00,-22.4375,3.594792594684e-09,-0.0285507320183,-6.556510925292999e-07,0.07442378357518,-1.188367605209e-06,6493.695302963,219600.00000000003,-2.812594175339e-07,1.204272013826,-7.636845111847e-08,0.6999596192134,188.65625,-1.562027875245,-3.9380211772460005e-09,-2.907263956356e-10,216006.0
J02,2025-03-25 14:00:00,-15.0,3.6669384569910006e-09,0.2339474893091,-4.7311186790470004e-07,0.07442084245849,-1.8570572137829999e-06,6493.687133789,223200.00000000003,-2.924352884293e-07,1.204257924462,-1.0244548320769999e-07,0.6999585322653,214.28124999999997,-1.562032977903,-3.934449599904e-09,-2.992981812563e-10,219606.0
J02,2025-03-25 15:00:00,7.53125,3.5622912408720004e-09,0.4964576714548001,-4.656612873077e-08,0.07441820378881,-2.294778823853e-06,6493.679481505999,226799.99999999997,-9.387731552124e-07,1.204239699429,-3.632158041e-07,0.6999586785571,233.53125,-1.562045697976,-3.6383658382560003e-09,-3.250135381184e-11,223206.00000000003
J02,2025-03-25 16:00:00,29.40625,2.95440877727e-09,0.7589641129189001,2.682209014893e-07,0.0744172584964,-2.693384885788e-06,6493.676692962999,230399.99999999997,-1.0859221220019999e-06,1.204218201847,-2.289190888405e-06,0.6999632033627,241.25,-1.562051542334,-2.661539435229e-09,3.603721538038e-10,226806.00000000003
J02,2025-03-25 17:00:00,34.875,2.2793806596390003e-09,1.021448203921,2.887099981308e-07,0.07441770250443,-3.2745301723479996e-06,6493.679101944,234000.0,1.398846507072e-06,1.204203667756,-3.34344804287e-06,0.6999694178387,249.375,-1.56203992969,-1.6797128239240002e-09,3.1322733289e-10,230406.00000000003
J02,2025-03-25 18:00:00,28.71875,1.982225424788e-09,1.283899882509,6.332993507385e-08,0.07441841717809,-4.276633262634e-06,6493.686489105,237600.0,3.611668944359e-06,1.204197004164,-1.316890120506e-06,0.6999719325949001,277.3125,-1.562001618791,-1.317554881449e-09,-8.500354073866999e-11,234005.99999999997
J02,2025-03-25 19:00:00,34.21875,2.0672289655270004e-09,1.54632898242,6.705522537231e-08,0.07441822590772,-5.664303898811e-06,6493.697118759,241200.0,3.12365591526e-06,1.204191869322,1.5031546354289999e-06,0.6999694573375,323.15625,-1.561942373535,-1.533278152904e-09,-5.0644966709e-10,237605.99999999997
J02,2025-03-25 20:00:00,55.8125,2.382599244822e-09,1.808764754701,4.7124922275539994e-07,0.07441699004266,-6.8116933107379995e-06,6493.706741333,244800.0,9.797513484955e-07,1.204183609687,2.637505531311e-06,0.6999640547810001,359.3125,-1.561888721015,-2.040442135462e-09,-7.739608100029e-10,241206.0
J02,2025-03-25 21:00:00,66.90625,2.7886875886030003e-09,2.071232736049,7.357448339462e-07,0.07441601622850001,-7.335096597671999e-06,6493.711055756,248400.0,-8.288770914078e-07,1.20417159474,1.983717083931e-06,0.6999583376972001,370.65625,-1.561865744423,-2.5786788408960002e-09,-8.764650797172e-10,244806.0
J02,2025-03-25 22:00:00,48.25,3.279422315388e-09,2.333731718093,4.135072231293e-07,0.07441661658231001,-7.649883627892e-06,6493.709403991999,252000.0,-1.208856701851e-06,1.204155940054,5.587935447692999e-07,0.6999530785067001,376.84375,-1.561871398602,-3.1172727040630003e-09,-7.918186967127e-10,248406.0
J02,2025-03-25 23:00:00,14.90625,3.7262266408680005e-09,2.596242554163,-1.974403858185e-07,0.07441880204715,-8.169561624527e-06,6493.704147339,255600.0,-3.725290298462e-07,1.204137981272,-2.011656761169e-07,0.6999491593492001,398.25,-1.561886645134,-3.5351472530730005e-09,-5.514515415988e-10,252006.0
J03,2025-03-25 00:00:00,545.25,6.039537285256e-10,1.108425476062,1.9008293747900002e-05,0.0743183697341,1.007132232189e-05,6493.356119156,172800.0,1.8570572137829999e-06,2.942063877227,-2.946704626083e-06,0.7048998716233,-186.34375,-1.571283488756,-4.735911555440001e-10,5.360937590283e-10,169206.0
J03,2025-03-25 01:00:00,555.9375,7.575315542299001e-10,1.370997887817,1.9181519746780002e-05,0.07431758847088,1.0667368769650002e-05,6493.346797943001,176400.0,2.896413207054e-06,2.942062187556,-7.282942533493e-07,0.7049008152055001,-222.375,-1.571332249278,-4.893060958486001e-10,1.578637185147e-10,172806.0
J03,2025-03-25 02:00:00,542.75,1.7086426003940002e-09,1.633533780747,1.842714846134e-05,0.07431722444015999,1.0572373867030001e-05,6493.345161437999,180000.0,9.220093488692999e-07,2.942056972253,1.3038516044620001e-08,0.7048923390582,-227.56249999999997,-1.571339135234,-1.6850701899370001e-09,-8.21462788651e-12,176406.0
J03,2025-03-25 03:00:00,548.96875,2.647253125861e-09,1.896032028407,1.808628439903e-05,0.07431600464042,9.750947356223999e-06,6493.351713181,183600.0,2.9802322387700003e-07,2.942042426459,-2.0470470190049997e-06,0.7048832733548,-203.0625,-1.571301321727,-2.987981604284e-09,3.0251260086410003e-10,180006.0
J03,2025-03-25 04:00:00,589.4375,2.7322566666000003e-09,2.158519040856,1.8730759620670004e-05,0.07431376830209001,9.37283039093e-06,6493.3608284,187200.0,2.1941959857939996e-06,2.942028369279,-2.51829624176e-06,0.7048820064678001,-187.90625,-1.57125511546,-3.2747792648440004e-09,6.832427455171e-10,183606.0
J03,2025-03-25 05:00:00,644.375,1.861148952896e-09,2.421012563291,1.984648406506e-05,0.07431116292719,1.000240445137e-05,6493.368034362999,190800.0,1.683831214905e-06,2.942028541904,-3.986060619354e-07,0.7048879386006001,-205.125,-1.571228920448,-2.373670301467e-09,3.603721538038e-10,187206.0
J03,2025-03-25 06:00:00,683.75,1.253623647028e-09,2.683515054876,2.0751729607580002e-05,0.07430829445366001,1.0902062058450001e-05,6493.37446785,194400.0,-3.278255462646e-07,2.942032696591,-3.594905138016e-07,0.7048912594246,-237.84375,-1.571215814165,-1.7532873171690001e-09,-2.6822545838130003e-10,190806.0
J03,2025-03-25 07:00:00,696.3125,1.331841190817e-09,2.946030108539,2.1245330572130004e-05,0.07430609385483,1.170113682747e-05,6493.379587173,198000.0,8.568167686462001e-08,2.942024575933,-4.5448541641239994e-07,0.7048905147993,-259.34375,-1.571206543654,-1.857577375554e-09,-1.975082270104e-10,194406.0
J03,2025-03-25 08:00:00,696.09375,1.4786330195720001e-09,-3.074632201332,2.131797373295e-05,0.07430604659021,1.2382864952090001e-05,6493.379955292,201600.0,3.278255462646e-07,2.942015350771,-5.774199962616e-08,0.7048901856427001,-256.3125,-1.57120466673,-1.905436511936e-09,-4.57161899771e-11,198006.0
J03,2025-03-25 09:00:00,700.96875,1.789360248322e-09,-2.812110549909,2.1133571863170003e-05,0.07430663390551,1.285411417484e-05,6493.379159927,205200.0,1.287087798119e-06,2.942015112316,-8.754432201385e-07,0.7048891308788,-242.59375,-1.571207896853,-2.109016420428e-09,-4.553761111e-10,201606.0
J03,2025-03-25 10:00:00,701.0,2.286166656589e-09,-2.549582802506,2.0664185285570003e-05,0.07430592516903001,1.312047243118e-05,6493.381544113,208800.0,2.894550561905e-06,2.942014783159,-1.676380634308e-07,0.7048862635594001,-239.3125,-1.571217023999,-2.619751980328e-09,-7.986046936624e-10,205206.0
J03,2025-03-25 11:00:00,673.09375,1.964010380344e-09,-2.287040405441,1.9727274775510002e-05,0.07430415938143,1.3645738363270001e-05,6493.385997772,212400.0,1.0337680578229999e-06,2.941998628155,5.792826414108e-07,0.7048880468565,-253.8125,-1.571228616161,-2.2522366718410004e-09,-2.353669468352e-10,208806.0
J03,2025-03-25 12:00:00,609.21875,9.064663293897001e-10,-2.024474486117,1.811608672142e-05,0.07430158334319,1.4148652553560001e-05,6493.394392014,216000.0,-1.303851604462e-07,2.941980609393,-1.478940248489e-06,0.7048955238308001,-260.96875,-1.571262848445,-1.095759928514e-09,3.175132257003e-10,212406.0
J03,2025-03-25 13:00:00,544.59375,-3.8215877558979994e-11,-1.761892588801,1.653842628002e-05,0.0742993663298,1.3889744877820002e-05,6493.406179428,219600.00000000003,1.749023795128e-06,2.941972250279,-2.609565854073e-06,0.7049027316282,-235.18750000000003,-1.571322517947,-1.285767843106e-10,3.3608542787850004e-10,216006.0
J03,2025-03-25 14:00:00,521.3125,-2.239378993409e-10,-1.499328985276,1.609697937965e-05,0.0742985396646,1.3276934623720002e-05,6493.415248871,223200.00000000003,3.2503157854079997e-06,2.941971736794,-6.314367055893e-07,0.7049032275574,-199.96875,-1.571372625817,-7.107438910502e-11,-1.1786205228469998e-11,219606.0
J03,2025-03-25 15:00:00,546.75,5.346651280915e-10,-1.236768610411,1.716241240501e-05,0.07429907238111,1.2664124369620001e-05,6493.423725128,226799.99999999997,1.398846507072e-06,2.941968503746,1.346692442894e-06,0.7048940887082,-163.75,-1.571419344106,-1.245409019142e-09,-2.467959943295e-10,223206.00000000003
J03,2025-03-25 16:00:00,488.3125,1.4443458770890002e-09,-0.9744184276159,1.576915383339e-05,0.07429478177801001,1.5728175640110003e-05,6493.389591217,230399.99999999997,-4.4703483581540004e-08,2.941959146922,1.158565282822e-06,0.7048879459152001,-279.75,-1.571248087601,-2.041156450931e-09,-2.121516941125e-10,226806.00000000003
J03,2025-03-25 17:00:00,433.21875,2.271166031753e-09,-0.711971734652,1.453422009945e-05,0.07429030037019001,1.666322350502e-05,6493.3696918489995,234000.0,-4.842877388e-08,2.941943025564,-1.899898052216e-07,0.7048824746015,-310.21875,-1.571165175256,-2.9301220513450003e-09,1.7179287014830001e-10,230406.00000000003
J03,2025-03-25 18:00:00,377.9375,2.5036757167150004e-09,-0.44949453692030006,1.3349577784540002e-05,0.07428558962420001,1.655332744122e-05,6493.353219986,237600.0,4.5262277126309995e-07,2.94193088627,9.499490261078e-08,0.7048825097116,-304.28125,-1.571112027442,-2.9929818125630002e-09,3.593006806013e-10,234005.99999999997
J03,2025-03-25 19:00:00,384.09375,2.335097266174e-09,-0.18695960073780002,1.373887062073e-05,0.0742870537797,1.7017126083370002e-05,6493.357551575001,241200.0,-2.235174179077e-07,2.941925030209,2.160668373108e-07,0.7048838453558001,-313.8125,-1.571120464091,-2.7297565624610003e-09,8.536069847286e-11,237605.99999999997
J03,2025-03-25 20:00:00,392.3125,2.1397319855690002e-09,0.07557369551348,1.3988465070720001e-05,0.07429505337495,1.907162368298e-05,6493.3796653750005,244800.0,-3.539025783539e-07,2.941917120211,-1.862645149231e-08,0.7048838746141,-385.34375,-1.57112772309,-2.694755104509e-09,-5.7859552939769995e-11,241206.0
J03,2025-03-25 21:00:00,354.9375,2.0061549929790002e-09,0.33807070847060006,1.312047243118e-05,0.07430348696653,2.079643309116e-05,6493.403390883999,248400.0,1.5087425708769998e-07,2.941911202707,-2.849847078323e-07,0.7048828271648001,-455.81250000000006,-1.571103704901,-2.8504758766190003e-09,-3.482287908412e-10,244806.0
J03,2025-03-25 22:00:00,332.4375,2.344740524997e-09,0.6005785060597,1.2882053852080001e-05,0.07430552341975,2.1204352378850002e-05,6493.409111023,252000.0,1.108273863792e-06,2.941908254927,7.618218660355e-07,0.7048788582680001,-473.34375,-1.571095250698,-3.504074530198e-09,-7.764609141423e-10,248406.0
J03,2025-03-25 23:00:00,382.03125,2.184019544609e-09,0.8631536798040002,1.4483928680420001e-05,0.07430245063733,2.1392479538920005e-05,6493.396335602,255600.0,-2.626329660416e-07,2.941892178921,6.053596735001e-07,0.7048798091648001,-484.71875000000006,-1.571145020634,-3.158345843496e-09,-3.225134339791e-10,252006.0
J04,2025-03-25 00:00:00,-590.34375,2.845832826074e-09,-0.6539640938066,-2.029351890087e-05,0.07527300005313001,-1.933425664902e-06,6493.186199188,172800.0,-5.215406417847e-07,-1.647140892361,4.768371582031e-07,0.6369746834095,159.09375,-1.570176464998,-3.2583500090710003e-09,-3.535861568541e-11,169206.0
J04,2025-03-25 01:00:00,-519.46875,3.0851285079860003e-09,-0.3913559590551,-1.826696097851e-05,0.07527887204196,-1.108273863792e-06,6493.205343246,176400.0,6.072223186492999e-07,-1.647161756499,3.3713877201079994e-07,0.6369727113959001,136.84375,-1.570228066507,-3.792300821694e-09,5.075211402926e-10,172806.0
J04,2025-03-25 02:00:00,-506.78124999999994,2.8586905045050005e-09,-0.128796409276,-1.765042543411e-05,0.07528076437302,-4.898756742477e-07,6493.21121788,180000.0,-3.2410025596619997e-07,-1.647167899292,2.216547727585e-07,0.6369743571787,127.49999999999999,-1.57024396989,-3.446572134992e-09,8.607501394126e-11,176406.0
J04,2025-03-25 03:00:00,-504.03125,3.046912630427e-09,0.1337551705254,-1.7574056982990004e-05,0.07527524919715,-1.2964010238649998e-06,6493.195871352999,183600.0,-4.079192876816e-07,-1.647178463023,-1.6763806343080003e-08,0.6369743381608001,176.03125,-1.570247204402,-3.4226425668010003e-09,-4.57161899771e-11,180006.0
J04,2025-03-25 04:00:00,-461.71875,3.2329918099430002e-09,0.39633894183920004,-1.661665737629e-05,0.07526785333175,-2.583488821983e-06,6493.174552917,187200.0,-5.383044481277e-07,-1.647191297203,-1.1362135410309999e-07,0.6369741713881001,232.06250000000003,-1.570277808648,-3.36549732933e-09,-2.285809498855e-11,183606.0
J04,2025-03-25 05:00:00,-432.6875,3.1097723916450002e-09,0.6589161285587001,-1.596286892891e-05,0.07526527752634,-2.963468432426e-06,6493.166507721,190800.0,-7.674098014832e-07,-1.64720629504,-6.556510925292999e-07,0.6369751588578,245.15625,-1.570297654595,-3.0708421986180004e-09,1.1000458213240002e-10,187206.0
J04,2025-03-25 06:00:00,-463.5,2.205806166395e-09,0.9214187064561999,-1.670978963375e-05,0.07526830874849,-3.829598426819e-06,6493.180191040001,194400.0,-7.636845111847e-08,-1.647224435224,-2.2910535335539996e-06,0.6369811187861001,268.59375,-1.570240789506,-2.008297939385e-09,3.896590880079e-10,190806.0
J04,2025-03-25 07:00:00,-510.71875,8.968230705664001e-10,1.183831804969,-1.768209040165e-05,0.07527248293627001,-6.431713700294e-06,6493.208883286,198000.0,2.7492642402649997e-06,-1.647236018609,-2.481043338776e-06,0.6369904127047,358.90625,-1.570102652003,-6.407409751478e-10,3.568005764619e-10,194406.0
J04,2025-03-25 08:00:00,-507.5,-2.1929484879640004e-10,1.446211793258,-1.7354264855380002e-05,0.07527383812703001,-9.747222065926e-06,6493.239017487001,201600.0,4.813075065613e-06,-1.647237936495,5.345791578293e-07,0.6369979759911,483.06250000000006,-1.569943182229,4.103742365913e-10,-5.571660653459e-11,198006.0
J04,2025-03-25 09:00:00,-463.0625,-6.078824636017e-10,1.708628173096,-1.618824899197e-05,0.07527237536851,-1.209601759911e-05,6493.260326385001,205200.0,3.2316893339159997e-06,-1.64723553292,4.2151659727100005e-06,0.6369989912563,569.28125,-1.56982695924,6.432410792871e-10,-6.364550823374e-10,201606.0
J04,2025-03-25 10:00:00,-443.31250000000006,-1.692927660089e-10,1.971122040779,-1.567974686623e-05,0.07527099596336,-1.3055279850960001e-05,6493.267829895,208800.0,-6.090849637985e-07,-1.647237346939,4.9769878387449994e-06,0.636993727677,593.125,-1.569786765565,7.071723137082e-11,-1.078259199538e-09,205206.0
J04,2025-03-25 11:00:00,-496.90625,1.248980596484e-09,2.233686137308,-1.6897916793820003e-05,0.07527249178383,-1.3841316103940002e-05,6493.262985229,212400.0,-2.2780150175089997e-06,-1.647253475611,1.8589198589319998e-06,0.6369830600784,603.0625,-1.569804907213,-1.453631978178e-09,-9.050376984529001e-10,208806.0
J04,2025-03-25 12:00:00,-597.4375,2.67011122085e-09,2.496286657571,-1.9121915102010002e-05,0.07527805748396,-1.524202525616e-05,6493.248729706,216000.0,-7.450580596924e-08,-1.647279622345,-2.700835466385e-07,0.6369748735888,648.65625,-1.56985007042,-2.8297607280360004e-09,-1.6572118866700002e-10,212406.0
J04,2025-03-25 13:00:00,-677.46875,3.1965617210550004e-09,2.758879974425,-2.104975283146e-05,0.07528577977791,-1.7134472727780002e-05,6493.230770111,219600.00000000003,1.2610107660289998e-06,-1.647299199115,4.6193599700929995e-07,0.6369729703324001,725.65625,-1.569891131604,-3.173346468332e-09,3.3751405881530003e-10,216006.0
J04,2025-03-25 14:00:00,-701.15625,3.0733423027570004e-09,3.021442328618,-2.181902527809e-05,0.07529071276076,-1.8747523427010003e-05,6493.219551086,223200.00000000003,3.7439167499539997e-07,-1.647304213998,-2.2351741790770002e-08,0.6369738100474001,776.96875,-1.569910490399,-2.9590518278150005e-09,2.5715356862119998e-11,219606.0
J04,2025-03-25 15:00:00,-703.5,2.891906173786e-09,-2.999193416124,-2.1846964955330003e-05,0.0752901918022,-1.9391998648640004e-05,6493.220348358001,226799.99999999997,1.6205012798309999e-07,-1.64731698381,3.2596290111539996e-07,0.63697394171,766.3125,-1.569910057375,-2.9144071110400003e-09,1.525063525017e-10,223206.00000000003
J04,2025-03-25 16:00:00,-732.90625,2.201520273585e-09,-2.736632176675,-2.2104009985920003e-05,0.07528589828871,-1.869723200798e-05,6493.228866576999,230399.99999999997,-1.8402934074399998e-06,-1.647339811184,1.279637217522e-06,0.6369762677497001,704.28125,-1.569914533905,-2.420815122381e-09,8.303917320059e-10,226806.00000000003
J04,2025-03-25 17:00:00,-782.0,1.650068731986e-09,-2.474061492626,-2.2748485207560002e-05,0.07528177136555,-1.797825098038e-05,6493.238245009999,234000.0,-2.37300992012e-06,-1.647351012748,-3.315508365631e-07,0.6369785367357,659.90625,-1.569940019401,-2.0407992931960002e-09,7.993190091308e-10,230418.0
J04,2025-03-25 18:00:00,-796.09375,2.097587372934e-09,-2.211505727416,-2.2804364562030002e-05,0.0752802263014,-1.8244609236720002e-05,6493.243019104,237600.0,-9.872019290924e-08,-1.647349574699,-5.420297384261999e-07,0.6369754953290001,660.09375,-1.569962899439,-2.657253542419e-09,1.5429214117270002e-10,234005.99999999997
J04,2025-03-25 19:00:00,-742.0625,2.741899925423e-09,-1.949005974413,-2.1461397409440005e-05,0.07528247218579,-1.82930380106e-05,6493.234474182,241200.0,5.532056093216e-07,-1.647354434513,4.6379864215850004e-07,0.6369715922636,654.46875,-1.569923960949,-3.279779473123e-09,-1.29291099779e-10,237605.99999999997
J04,2025-03-25 20:00:00,-663.96875,2.357241045694e-09,-1.686580884361,-1.9982457160950002e-05,0.07528655766509,-1.6314908862110002e-05,6493.210811614999,244800.0,1.206994056702e-06,-1.647369170487,-5.289912223816e-07,0.6369765574075,580.8125,-1.569797364407,-2.476174571181e-09,-2.142946405177e-12,241206.0
J04,2025-03-25 21:00:00,-635.25,1.2629097481170001e-09,-1.424178068699,-2.0062550902370003e-05,0.07528875372373,-1.3275071978570001e-05,6493.1840534210005,248400.0,3.965571522713e-06,-1.647378148415,9.499490261078e-08,0.6369875570886001,467.6875,-1.569647538189,-7.743179677371e-10,-1.782217093638e-10,244806.0
J04,2025-03-25 22:00:00,-651.6875,5.560945921433001e-10,-1.161718131938,-2.103857696056e-05,0.07528851914685,-1.1358410120010002e-05,6493.168235779,252000.0,4.176050424576e-06,-1.6473771785,4.0438026189799994e-06,0.6369928733329,399.4375,-1.569560637929,2.7894019040710003e-10,-8.471781455131e-10,248406.0
J04,2025-03-25 23:00:00,-638.0625,1.179334838315e-09,-0.8991702474671,-2.0802021026610003e-05,0.07528858247679,-1.0732561349870001e-05,6493.168037415,255600.0,-8.195638656615999e-08,-1.647382455246,5.222856998443999e-06,0.636984601994,395.3125,-1.569558623491,-6.289547699193001e-10,-1.331841190817e-09,252006.0
J07,2025-03-25 00:00:00,585.34375,0.0,-1.108436894137,1.8950551748280002e-05,0.0001854579895735,-1.094490289688e-05,6493.3487377169995,172800.0,-3.155320882797e-06,0.3574760578555,-4.345551133156e-06,0.001375445818554,340.25,3.00251962224,1.125404020452e-09,0.0,169206.0
J07,2025-03-25 01:00:00,568.46875,0.0,-0.8369387788424,1.846626400948e-05,0.00018674775492400001,-1.0471791028980001e-05,6493.353855133,176400.0,2.384185791016e-07,0.3539453723655,-5.058944225311e-06,0.0013793430323169999,324.625,2.997077754238,1.085402354222e-09,0.0,172806.0
J07,2025-03-25 02:00:00,521.5,0.0,-0.5589538448655,1.70674175024e-05,0.0001902836374938,-1.0242685675620001e-05,6493.3650093080005,180000.0,2.8349459171300003e-06,0.3520952579065,-3.345310688019e-06,0.0013836249935350001,317.25,2.983467166731,1.0032560753569999e-09,0.0,176406.0
J07,2025-03-25 03:00:00,490.9375,0.0,-0.2894440649185,1.6158446669580002e-05,0.00019312149379400003,-1.057609915733e-05,6493.372655869,183600.0,3.3378601074219995e-06,0.35150401078720006,-8.698552846908999e-07,0.001386956058001,328.5625,2.977071348869,9.464679956196e-10,0.0,180006.0
J07,2025-03-25 04:00:00,496.09375,0.0,-0.02731582581379,1.6322359442710002e-05,0.0001921141520143,-1.027807593346e-05,6493.37023735,187200.0,2.365559339523e-06,0.35143298318870003,6.202608346939e-07,0.0013889441636710002,319.03125,2.977536409063,9.621829359243e-10,0.0,183606.0
J07,2025-03-25 05:00:00,500.90625,0.0,0.2378655920795,1.6467645764350003e-05,0.00018772576004270002,-8.855015039444e-06,6493.359500885,190800.0,1.4510005712509998e-06,0.3514385934795,8.326023817061999e-07,0.001389862876225,272.59375,2.974872675159,1.036114586903e-09,0.0,187206.0
J07,2025-03-25 06:00:00,479.96875,0.0,0.5104406725543,1.5828758478160004e-05,0.0001829164102674,-7.320195436478e-06,6493.34695816,194400.0,1.3634562492369998e-06,0.35144158660990005,8.251518011092999e-07,0.001389934559211,222.3125,2.964819689372,1.123618231781e-09,0.0,190806.0
J07,2025-03-25 07:00:00,457.40625,0.0,0.7818376504707001,1.515075564384e-05,0.0001806534128264,-6.7539513111109996e-06,6493.3401966090005,198000.0,1.4510005712509998e-06,0.3513479671674,1.5553086996079999e-06,0.001389024624165,203.40625,2.956042907967,1.1729059991e-09,0.0,194406.0
J07,2025-03-25 08:00:00,468.40624999999994,0.0,1.03965385515,1.5538185834880002e-05,0.0001812000991777,-6.722286343575e-06,6493.34264183,201600.0,5.904585123061999e-07,0.3507447811737,2.71201133728e-06,0.0013870262780689999,202.21874999999997,2.961356823301,1.163262740277e-09,0.0,198006.0
J07,2025-03-25 09:00:00,512.09375,0.0,1.279327309689,1.69537961483e-05,0.00018293992616240002,-6.010755896567999e-06,6493.353614807,205200.0,-1.4174729585650001e-06,0.3490627340583,3.0174851417539996e-06,0.001384413506379,180.125,2.985891366818,1.0993315058560002e-09,0.0,201606.0
J07,2025-03-25 10:00:00,551.59375,0.0,1.507920836281,1.8229708075520002e-05,0.0001840185141191,-4.155561327933999e-06,6493.368982315,208800.0,-3.4049153327939997e-06,0.34605765455320003,1.5404075384139998e-06,0.00138231860769,122.53125,3.022826954247,1.0082562836360001e-09,0.0,205206.0
J07,2025-03-25 11:00:00,558.15625,0.0,1.739325231226,1.844763755798e-05,0.0001837156014517,-2.071261405945e-06,6493.382917404,212400.0,-3.786757588387e-06,0.3421685263383,-1.205131411552e-06,0.001381938248989,57.96875,3.0578335891,9.261100047704e-10,0.0,208806.0
J07,2025-03-25 12:00:00,544.4375,0.0,1.984766933715,1.8008053302760004e-05,0.00018280278891320001,-9.108334779739e-07,6493.39084053,216000.0,-2.007931470871e-06,0.33835915349120005,-3.51294875145e-06,0.0013837405640630001,22.3125,3.078721572311,8.803938147933e-10,0.0,212406.0
J07,2025-03-25 13:00:00,548.65625,0.0,2.24905007602,1.812539994717e-05,0.00018305284902450002,-8.400529623032e-07,6493.38983345,219600.00000000003,8.773058652877999e-07,0.33553532222150007,-3.861263394356e-06,0.001387144774433,20.71875,3.079782065034,8.900370736166e-10,0.0,216006.0
J07,2025-03-25 14:00:00,587.5,0.0,2.525055355605,1.9352883100510003e-05,0.0001857633469626,-8.419156074524e-07,6493.380880356,223200.00000000003,3.0379742383959997e-06,0.3340222948093,-2.145767211914e-06,0.0013909673793749998,20.90625,3.067810334911,9.464679956196e-10,0.0,219606.0
J07,2025-03-25 15:00:00,661.03125,0.0,2.80721124165,2.1524727344510002e-05,0.0001920976210386,1.6763806343080003e-08,6493.363059998,226799.99999999997,3.31923365593e-06,0.3335145452024,3.352761268616e-07,0.001394212131674,-6.1875,3.04868534061,1.0771877263350002e-09,0.0,223206.00000000003
J07,2025-03-25 16:00:00,649.125,0.0,3.066036704736,2.147629857063e-05,0.0001927152043208,6.910413503647e-07,6493.361930847,230399.99999999997,2.0153820514679997e-06,0.3334545553207,1.974403858185e-06,0.001396503061387,-19.78125,3.052442479967,1.028971432219e-09,0.0,226806.00000000003
J07,2025-03-25 17:00:00,673.5,0.0,-2.95201171724,2.2085383534430004e-05,0.0001996068749577,2.6021152734759998e-06,6493.345340729,234000.0,4.246830940247e-07,0.33346041430760004,2.164393663406e-06,0.0013980654578950001,-90.84375,3.049826156313,1.1832635733920002e-09,0.0,230406.00000000003
J07,2025-03-25 18:00:00,685.5625,0.0,-2.685492573408,2.2443011403080003e-05,0.000197168905288,1.911073923111e-06,6493.351686478,237600.0,-3.5762786865229997e-07,0.3334748416057,1.5664845705029998e-06,0.001399086574714,-66.5625,3.045818405922,1.132547175136e-09,0.0,234005.99999999997
J07,2025-03-25 19:00:00,735.8125,0.0,-2.406561026104,2.4020671844480003e-05,0.0001925486139953,9.108334779739e-07,6493.365400314,241200.0,-4.228204488754e-07,0.33350773824450003,1.2908130884169999e-06,0.001399424508791,-34.75,3.029378466093,1.045043530258e-09,0.0,237605.99999999997
J07,2025-03-25 20:00:00,814.46875,0.0,-2.113807702975,2.6466324925420002e-05,0.00018780236132440002,7.692724466324e-07,6493.383563994999,244800.0,-7.580965757369999e-07,0.33328042564460003,1.627951860428e-06,0.001398761806901,-30.1875,2.999374575122,9.250385315679001e-10,0.0,241206.0
J07,2025-03-25 21:00:00,866.9062500000001,0.0,-1.824336143975,2.80998647213e-05,0.0001856086309999,1.5962868928909998e-06,6493.396932602,248400.0,-1.989305019379e-06,0.3322015601341,1.6950070857999998e-06,0.0013972125766550001,-56.6875,2.97350163565,8.368205712214e-10,0.0,244806.0
J07,2025-03-25 22:00:00,870.375,0.0,-1.560078854358,2.8219074010850002e-05,0.0001854677684605,1.8086284399029999e-06,6493.397756577,252000.0,-3.43844294548e-06,0.3298069856019,4.0978193283079996e-07,0.001395698456443,-62.6875,2.974157612505,8.346776248162e-10,0.0,248406.0
J07,2025-03-25 23:00:00,868.78125,0.0,-1.323311084281,2.8174370527270004e-05,0.0001847984967753,4.786998033524e-07,6493.386043549,255600.0,-3.5855919122699997e-06,0.3263073242155,-2.0973384380339996e-06,0.001395547775881,-17.9375,3.003409074969,9.200383232891e-10,0.0,252006.0
